patient_id,date,resting_hr,hrv,sleep_hours,steps,spo2,weight_kg,deterioration,age,sex,bmi,hypertension,diabetes,smoking,previous_cardiac_event,cholesterol,hr_7d_avg,hrv_7d_avg,sleep_7d_avg,steps_7d_avg,spo2_7d_avg,weight_7d_avg,resting_hr_baseline,hrv_baseline,sleep_hours_baseline,steps_baseline,spo2_baseline,weight_kg_baseline,hr_deviation,hrv_deviation,sleep_deviation,steps_deviation,spo2_deviation,weight_deviation,hr_percent_change,hrv_percent_change,sleep_percent_change,steps_percent_change,spo2_percent_change,weight_percent_change,twin_risk_score,risk_reasons,risk_category,risk_1d_ago,risk_2d_ago,risk_3d_avg,risk_change_3d,risk_trajectory
PATIENT_001,2026-09-03,75.6,38.9,6.8,6009,98.4,80.9,0,47,male,23.7,1,0,0,0,159.2,75.6,38.9,6.8,6009.0,98.4,80.9,75.50666666666666,39.516666666666666,6.930000000000001,5801.533333333334,98.32666666666668,80.53999999999999,0.0933333333333337,-0.6166666666666671,-0.1300000000000007,207.46666666666624,0.0733333333333376,0.3600000000000136,0.1236093943139683,-1.5605229860818233,-1.875901875901887,3.5760660974684777,0.0745813275476347,0.4469828656568335,0,,Low,,,0.0,0.0,Insufficient history
PATIENT_001,2026-09-04,76.6,41.5,6.5,4878,98.4,81.0,0,47,male,23.7,1,0,0,0,159.2,76.1,40.2,6.65,5443.5,98.4,80.95,75.50666666666666,39.516666666666666,6.930000000000001,5801.533333333334,98.32666666666668,80.53999999999999,1.0933333333333335,1.9833333333333345,-0.4300000000000006,-923.5333333333338,0.0733333333333376,0.4600000000000079,1.447995761963624,5.018979333614511,-6.204906204906213,-15.918780092619198,0.0745813275476347,0.5711447727837199,8,Activity slightly decreased,Low,0.0,,4.0,4.0,Insufficient history
PATIENT_001,2026-09-05,74.7,40.0,7.2,4439,98.0,80.5,0,47,male,23.7,1,0,0,0,159.2,75.63333333333333,40.13333333333333,6.833333333333333,5108.666666666667,98.26666666666668,80.8,75.50666666666666,39.516666666666666,6.930000000000001,5801.533333333334,98.32666666666668,80.53999999999999,-0.8066666666666578,0.4833333333333343,0.2699999999999996,-1362.5333333333338,-0.326666666666668,-0.039999999999992,-1.0683383365707104,1.223112610712782,3.89610389610389,-23.48574514783449,-0.3322259136212638,-0.0496647628507475,8,Activity slightly decreased,Low,8.0,0.0,5.333333333333333,2.666666666666667,Stable
PATIENT_001,2026-09-06,77.2,39.1,7.1,6141,98.8,79.7,0,47,male,23.7,1,0,0,0,159.2,76.025,39.875,6.9,5366.75,98.4,80.525,75.50666666666666,39.516666666666666,6.930000000000001,5801.533333333334,98.32666666666668,80.53999999999999,1.6933333333333422,-0.4166666666666643,0.169999999999999,339.46666666666624,0.4733333333333291,-0.8399999999999892,2.2426275825534288,-1.054407423028252,2.453102453102439,5.851326660767835,0.4813885687165188,-1.0429600198658917,0,,Low,8.0,8.0,5.333333333333333,-5.333333333333333,Stable
PATIENT_001,2026-09-07,76.3,30.1,5.3,5286,97.6,80.7,0,47,male,23.7,1,0,0,0,159.2,76.08,37.92,6.58,5350.6,98.24,80.56,75.50666666666666,39.516666666666666,6.930000000000001,5801.533333333334,98.32666666666668,80.53999999999999,0.7933333333333366,-9.416666666666664,-1.6300000000000008,-515.5333333333338,-0.7266666666666737,0.1600000000000108,1.0506798516687312,-23.829607760438627,-23.52092352092353,-8.886156533330276,-0.7390331547901624,0.1986590514030429,35,HRV decreased; Sleep decreased,Moderate,0.0,8.0,14.333333333333334,20.666666666666664,Stable
PATIENT_001,2026-09-08,76.6,32.2,7.4,4891,98.1,80.2,0,47,male,23.7,1,0,0,0,159.2,76.16666666666667,36.96666666666667,6.716666666666666,5274.0,98.21666666666664,80.5,75.50666666666666,39.516666666666666,6.930000000000001,5801.533333333334,98.32666666666668,80.53999999999999,1.0933333333333335,-7.316666666666663,0.4699999999999997,-910.5333333333338,-0.2266666666666736,-0.3399999999999892,1.447995761963624,-18.515394348376205,6.782106782106778,-15.69470140077911,-0.2305241033290463,-0.4221504842314244,18,HRV slightly decreased; Activity slightly decreased,Low,35.0,0.0,17.666666666666668,0.33333333333333215,Stable
PATIENT_001,2026-09-09,74.9,46.5,7.3,6243,98.7,80.5,0,47,male,23.7,1,0,0,0,159.2,75.98571428571428,38.32857142857143,6.8,5412.428571428572,98.28571428571428,80.5,75.50666666666666,39.516666666666666,6.930000000000001,5801.533333333334,98.32666666666668,80.53999999999999,-0.6066666666666549,6.983333333333334,0.3699999999999992,441.46666666666624,0.3733333333333348,-0.039999999999992,-0.8034610630407757,17.67186840995361,5.339105339105328,7.609482550590066,0.3796867584243015,-0.0496647628507475,0,,Low,18.0,35.0,17.666666666666668,-17.666666666666668,Improving
PATIENT_001,2026-09-10,72.7,35.7,6.6,6392,98.0,81.5,0,47,male,23.7,1,0,0,0,159.2,75.57142857142857,37.871428571428574,6.771428571428572,5467.142857142857,98.22857142857144,80.58571428571429,75.50666666666666,39.516666666666666,6.930000000000001,5801.533333333334,98.32666666666668,80.53999999999999,-2.8066666666666578,-3.816666666666663,-0.3300000000000009,590.4666666666662,-0.326666666666668,0.960000000000008,-3.717111071870022,-9.658371994938834,-4.761904761904775,10.177769095526465,-0.3322259136212638,1.1919543084181872,0,,Low,0.0,18.0,6.0,-6.0,Stable
PATIENT_001,2026-09-11,72.1,33.1,7.4,7315,98.6,80.7,0,47,male,23.7,1,0,0,0,159.2,74.92857142857143,36.67142857142857,6.9,5815.285714285715,98.25714285714288,80.54285714285716,75.50666666666666,39.516666666666666,6.930000000000001,5801.533333333334,98.32666666666668,80.53999999999999,-3.4066666666666663,-6.416666666666664,0.4699999999999997,1513.4666666666662,0.2733333333333263,0.1600000000000108,-4.511742892459827,-16.23787431463517,6.782106782106778,26.08735621617273,0.2779849481320696,0.1986590514030429,10,HRV slightly decreased,Low,0.0,0.0,3.3333333333333335,6.666666666666666,Stable
PATIENT_001,2026-09-12,78.9,40.1,6.1,5361,98.9,79.6,0,47,male,23.7,1,0,0,0,159.2,75.52857142857144,36.68571428571429,6.742857142857143,5947.0,98.38571428571429,80.41428571428573,75.50666666666666,39.516666666666666,6.930000000000001,5801.533333333334,98.32666666666668,80.53999999999999,3.393333333333345,0.5833333333333357,-0.830000000000001,-440.53333333333376,0.5733333333333377,-0.9399999999999976,4.494084407557848,1.4761703922395677,-11.97691197691199,-7.59339484963746,0.5830903790087507,-1.167121926992796,8,Sleep slightly decreased,Low,10.0,0.0,6.0,2.0,Stable
PATIENT_001,2026-09-13,74.7,42.5,6.7,6616,98.6,81.5,0,47,male,23.7,1,0,0,0,159.2,75.17142857142856,37.17142857142857,6.685714285714285,6014.857142857143,98.35714285714286,80.67142857142858,75.50666666666666,39.516666666666666,6.930000000000001,5801.533333333334,98.32666666666668,80.53999999999999,-0.8066666666666578,2.9833333333333343,-0.2300000000000004,814.4666666666662,0.2733333333333263,0.960000000000008,-1.0683383365707104,7.549557148882331,-3.318903318903325,14.038817324155676,0.2779849481320696,1.1919543084181872,0,,Low,8.0,10.0,6.0,-6.0,Improving
PATIENT_001,2026-09-14,76.5,36.5,6.6,5061,98.9,80.0,0,47,male,23.7,1,0,0,0,159.2,75.2,38.08571428571429,6.871428571428572,5982.714285714285,98.54285714285712,80.57142857142857,75.50666666666666,39.516666666666666,6.930000000000001,5801.533333333334,98.32666666666668,80.53999999999999,0.9933333333333394,-3.0166666666666657,-0.3300000000000009,-740.5333333333338,0.5733333333333377,-0.539999999999992,1.315557125198666,-7.633909742724587,-4.761904761904775,-12.764441584408726,0.5830903790087507,-0.6704742984852149,0,,Low,0.0,8.0,2.6666666666666665,-2.6666666666666665,Stable
PATIENT_001,2026-09-15,74.4,46.0,6.5,5599,96.9,79.8,0,47,male,23.7,1,0,0,0,159.2,74.88571428571429,40.05714285714286,6.742857142857143,6083.857142857143,98.37142857142858,80.51428571428572,75.50666666666666,39.516666666666666,6.930000000000001,5801.533333333334,98.32666666666668,80.53999999999999,-1.106666666666655,6.483333333333334,-0.4300000000000006,-202.53333333333376,-1.4266666666666623,-0.7399999999999949,-1.4656542468656035,16.406579502319698,-6.204906204906213,-3.4910311067189204,-1.4509458268357134,-0.9187981127390056,10,SpO2 slightly decreased,Low,0.0,0.0,3.3333333333333335,6.666666666666666,Stable
PATIENT_001,2026-09-16,72.9,43.7,7.6,5874,98.4,80.4,0,47,male,23.7,1,0,0,0,159.2,74.60000000000001,39.65714285714286,6.785714285714286,6031.142857142857,98.32857142857142,80.5,75.50666666666666,39.516666666666666,6.930000000000001,5801.533333333334,98.32666666666668,80.53999999999999,-2.606666666666655,4.183333333333337,0.669999999999999,72.46666666666624,0.0733333333333376,-0.1399999999999863,-3.4522337983400875,10.58625052720372,9.668109668109654,1.2490950668214076,0.0745813275476347,-0.1738266699776339,0,,Low,10.0,0.0,3.3333333333333335,-3.3333333333333335,Stable
PATIENT_001,2026-09-17,77.8,47.0,7.1,4882,98.8,80.5,0,47,male,23.7,1,0,0,0,159.2,75.32857142857142,41.27142857142858,6.857142857142857,5815.428571428572,98.44285714285716,80.35714285714286,75.50666666666666,39.516666666666666,6.930000000000001,5801.533333333334,98.32666666666668,80.53999999999999,2.293333333333337,7.483333333333334,0.169999999999999,-919.5333333333338,0.4733333333333291,-0.039999999999992,3.037259403143215,18.93715731758752,2.453102453102439,-15.849832802822249,0.4813885687165188,-0.0496647628507475,8,Activity slightly decreased,Low,0.0,10.0,6.0,2.0,Stable
PATIENT_001,2026-09-18,78.3,40.5,8.1,5534,99.3,80.4,0,47,male,23.7,1,0,0,0,159.2,76.21428571428571,42.32857142857143,6.957142857142856,5561.0,98.54285714285712,80.3142857142857,75.50666666666666,39.516666666666666,6.930000000000001,5801.533333333334,98.32666666666668,80.53999999999999,2.793333333333337,0.9833333333333344,1.169999999999999,-267.53333333333376,0.9733333333333292,-0.1399999999999863,3.6994525869680426,2.488401518346692,16.883116883116866,-4.611424565919362,0.9898976201776348,-0.1738266699776339,0,,Low,8.0,0.0,2.6666666666666665,-2.6666666666666665,Stable
PATIENT_001,2026-09-19,73.0,32.9,6.8,7316,98.8,80.6,0,47,male,23.7,1,0,0,0,159.2,75.37142857142858,41.3,7.057142857142856,5840.285714285715,98.52857142857144,80.45714285714287,75.50666666666666,39.516666666666666,6.930000000000001,5801.533333333334,98.32666666666668,80.53999999999999,-2.5066666666666606,-6.616666666666667,-0.1300000000000007,1514.4666666666662,0.4733333333333291,0.0600000000000022,-3.3197951615751293,-16.74398987768874,-1.875901875901887,26.104593038621964,0.4813885687165188,0.0744971442761389,10,HRV slightly decreased,Low,0.0,8.0,6.0,4.0,Stable
PATIENT_001,2026-09-20,67.5,45.7,7.2,5343,97.8,80.3,0,47,male,23.7,1,0,0,0,159.2,74.34285714285714,41.75714285714286,7.128571428571428,5658.428571428572,98.41428571428573,80.28571428571429,75.50666666666666,39.516666666666666,6.930000000000001,5801.533333333334,98.32666666666668,80.53999999999999,-8.00666666666666,6.183333333333337,0.2699999999999996,-458.53333333333376,-0.5266666666666708,-0.2399999999999948,-10.603920183648237,15.64740615773936,3.89610389610389,-7.903657653723735,-0.535629534205713,-0.297988577104538,0,,Low,10.0,0.0,3.3333333333333335,-3.3333333333333335,Stable
PATIENT_001,2026-09-21,79.8,33.4,6.7,7255,97.9,80.1,0,47,male,23.7,1,0,0,0,159.2,74.81428571428572,41.31428571428571,7.142857142857143,5971.857142857143,98.27142857142856,80.3,75.50666666666666,39.516666666666666,6.930000000000001,5801.533333333334,98.32666666666668,80.53999999999999,4.2933333333333366,-6.116666666666667,-0.2300000000000004,1453.4666666666662,-0.4266666666666623,-0.4399999999999977,5.686032138442526,-15.478700970054833,-3.318903318903325,25.05314686921848,-0.4339277239134813,-0.5463123913583284,18,Resting HR slightly increased; HRV slightly decreased,Low,0.0,10.0,9.333333333333334,8.666666666666666,Stable
PATIENT_001,2026-09-22,74.9,32.1,7.0,4683,98.8,80.3,0,47,male,23.7,1,0,0,0,159.2,74.88571428571429,39.32857142857143,7.214285714285714,5841.0,98.54285714285716,80.37142857142858,75.50666666666666,39.516666666666666,6.930000000000001,5801.533333333334,98.32666666666668,80.53999999999999,-0.6066666666666549,-7.416666666666664,0.0699999999999994,-1118.5333333333338,0.4733333333333291,-0.2399999999999948,-0.8034610630407757,-18.768452129902983,1.0101010101010013,-19.279960470220523,0.4813885687165188,-0.297988577104538,18,HRV slightly decreased; Activity slightly decreased,Low,18.0,0.0,12.0,6.0,Stable
PATIENT_001,2026-09-23,81.4,42.7,7.7,4590,98.1,80.5,0,47,male,23.7,1,0,0,0,159.2,76.10000000000001,39.18571428571429,7.228571428571428,5657.571428571428,98.5,80.38571428571429,75.50666666666666,39.516666666666666,6.930000000000001,5801.533333333334,98.32666666666668,80.53999999999999,5.893333333333345,3.183333333333337,0.7699999999999996,-1211.5333333333338,-0.2266666666666736,-0.039999999999992,7.805050326681987,8.055672711935902,11.111111111111104,-20.88298495799961,-0.2305241033290463,-0.0496647628507475,16,Resting HR slightly increased; Activity slightly decreased,Low,18.0,18.0,17.333333333333332,-1.3333333333333321,Stable
PATIENT_001,2026-09-24,79.8,29.0,7.5,6484,99.3,80.7,0,47,male,23.7,1,0,0,0,159.2,76.38571428571429,36.614285714285714,7.285714285714286,5886.428571428572,98.57142857142856,80.41428571428571,75.50666666666666,39.516666666666666,6.930000000000001,5801.533333333334,98.32666666666668,80.53999999999999,4.2933333333333366,-10.516666666666666,0.5699999999999994,682.4666666666662,0.9733333333333292,0.1600000000000108,5.686032138442526,-26.61324335723324,8.225108225108215,11.763556760856316,0.9898976201776348,0.1986590514030429,28,Resting HR slightly increased; HRV decreased,Moderate,16.0,18.0,20.666666666666668,7.333333333333332,Stable
PATIENT_001,2026-09-25,74.7,37.1,6.2,6088,98.1,81.3,0,47,male,23.7,1,0,0,0,159.2,75.87142857142858,36.12857142857143,7.014285714285714,5965.571428571428,98.4,80.54285714285713,75.50666666666666,39.516666666666666,6.930000000000001,5801.533333333334,98.32666666666668,80.53999999999999,-0.8066666666666578,-2.4166666666666643,-0.7300000000000004,286.46666666666624,-0.2266666666666736,0.7600000000000051,-1.0683383365707104,-6.115563053563891,-10.533910533910538,4.937775070958245,-0.2305241033290463,0.9436304941643968,8,Sleep slightly decreased,Low,28.0,16.0,17.333333333333332,-9.333333333333332,Stable
PATIENT_001,2026-09-26,72.8,43.0,6.0,5497,98.4,80.7,0,47,male,23.7,1,0,0,0,159.2,75.84285714285714,37.57142857142857,6.9,5705.714285714285,98.34285714285714,80.55714285714285,75.50666666666666,39.516666666666666,6.930000000000001,5801.533333333334,98.32666666666668,80.53999999999999,-2.7066666666666634,3.4833333333333343,-0.9300000000000006,-304.53333333333376,0.0733333333333376,0.1600000000000108,-3.5846724351050643,8.81484605651624,-13.419913419913426,-5.249186996541151,0.0745813275476347,0.1986590514030429,8,Sleep slightly decreased,Low,8.0,28.0,14.666666666666666,-6.666666666666666,Stable
PATIENT_001,2026-09-27,78.9,40.4,6.2,6351,98.6,80.5,0,47,male,23.7,1,0,0,0,159.2,77.47142857142858,36.81428571428573,6.757142857142857,5849.714285714285,98.45714285714288,80.58571428571429,75.50666666666666,39.516666666666666,6.930000000000001,5801.533333333334,98.32666666666668,80.53999999999999,3.393333333333345,0.8833333333333329,-0.7300000000000004,549.4666666666662,0.2733333333333263,-0.039999999999992,4.494084407557848,2.2353437368199063,-10.533910533910538,9.471059375107725,0.2779849481320696,-0.0496647628507475,8,Sleep slightly decreased,Low,8.0,8.0,8.0,0.0,Stable
PATIENT_001,2026-09-28,72.5,48.7,7.0,6593,99.1,80.6,0,47,male,23.7,1,0,0,0,159.2,76.42857142857143,39.0,6.799999999999999,5755.142857142857,98.62857142857142,80.65714285714284,75.50666666666666,39.516666666666666,6.930000000000001,5801.533333333334,98.32666666666668,80.53999999999999,-3.0066666666666606,9.183333333333335,0.0699999999999994,791.4666666666662,0.7733333333333263,0.0600000000000022,-3.981988345399957,23.239139603542817,1.0101010101010013,13.642370407823211,0.7864939995931856,0.0744971442761389,0,,Low,8.0,8.0,5.333333333333333,-5.333333333333333,Stable
PATIENT_001,2026-09-29,75.5,55.8,7.1,5597,98.3,81.0,0,47,male,23.7,1,0,0,0,159.2,76.51428571428572,42.385714285714286,6.814285714285714,5885.714285714285,98.55714285714284,80.75714285714285,75.50666666666666,39.516666666666666,6.930000000000001,5801.533333333334,98.32666666666668,80.53999999999999,-0.0066666666666606,16.28333333333333,0.169999999999999,-204.53333333333376,-0.0266666666666708,0.4600000000000079,-0.0088292424509896,41.206242091944326,2.453102453102439,-3.525504751617396,-0.027120482744597,0.5711447727837199,0,,Low,0.0,8.0,2.6666666666666665,-2.6666666666666665,Stable
PATIENT_001,2026-09-30,74.9,44.4,7.6,5380,97.0,80.5,0,47,male,23.7,1,0,0,0,159.2,75.58571428571429,42.62857142857143,6.8,5998.571428571428,98.4,80.75714285714285,75.50666666666666,39.516666666666666,6.930000000000001,5801.533333333334,98.32666666666668,80.53999999999999,-0.6066666666666549,4.883333333333333,0.669999999999999,-421.53333333333376,-1.326666666666668,-0.039999999999992,-0.8034610630407757,12.357654997891183,9.668109668109654,-7.265895223101945,-1.3492440165434958,-0.0496647628507475,10,SpO2 slightly decreased,Low,0.0,0.0,3.3333333333333335,6.666666666666666,Stable
PATIENT_001,2026-10-01,75.3,36.5,7.4,6500,97.5,80.6,0,47,male,23.7,1,0,0,0,159.2,74.94285714285715,43.7,6.785714285714286,6000.857142857143,98.14285714285714,80.74285714285713,75.50666666666666,39.516666666666666,6.930000000000001,5801.533333333334,98.32666666666668,80.53999999999999,-0.2066666666666634,-3.0166666666666657,0.4699999999999997,698.4666666666662,-0.826666666666668,0.0600000000000022,-0.2737065159809246,-7.633909742724587,6.782106782106778,12.039345920044118,-0.8407349650823798,0.0744971442761389,0,,Low,10.0,0.0,3.3333333333333335,-3.3333333333333335,Stable
PATIENT_001,2026-10-02,74.0,30.4,7.2,5848,97.7,80.6,0,47,male,23.7,1,0,0,0,159.2,74.84285714285714,42.74285714285714,6.928571428571429,5966.571428571428,98.08571428571427,80.64285714285714,75.50666666666666,39.516666666666666,6.930000000000001,5801.533333333334,98.32666666666668,80.53999999999999,-1.5066666666666606,-9.116666666666667,0.2699999999999996,46.46666666666624,-0.6266666666666652,0.0600000000000022,-1.9954087939254728,-23.07043441585829,3.89610389610389,0.800937683141231,-0.6373313444979305,0.0744971442761389,20,HRV decreased,Moderate,0.0,10.0,10.0,10.0,Stable
PATIENT_002,2026-09-03,77.9,63.3,5.7,7490,97.1,68.3,0,74,male,23.1,1,0,0,0,170.9,77.9,63.3,5.7,7490.0,97.1,68.3,80.21000000000001,47.99,6.86,6535.733333333334,97.18333333333334,68.31666666666666,-2.3100000000000023,15.309999999999995,-1.16,954.2666666666664,-0.0833333333333428,-0.0166666666666657,-2.879940157087648,31.902479683267337,-16.909620991253647,14.600758904892077,-0.0857485851483548,-0.0243961941937043,15,Sleep decreased,Low,,,15.0,0.0,Insufficient history
PATIENT_002,2026-09-04,83.6,47.4,8.1,6352,97.5,68.1,0,74,male,23.1,1,0,0,0,170.9,80.75,55.35,6.9,6921.0,97.3,68.19999999999999,80.21000000000001,47.99,6.86,6535.733333333334,97.18333333333334,68.31666666666666,3.3899999999999864,-0.5900000000000034,1.239999999999999,-183.7333333333336,0.3166666666666629,-0.2166666666666685,4.2264056850766565,-1.229422796415927,18.075801749271125,-2.811212207760418,0.3258446235637072,-0.317150524518178,0,,Low,15.0,,7.5,-7.5,Insufficient history
PATIENT_002,2026-09-05,75.9,47.9,6.6,6997,95.8,69.4,0,74,male,23.1,1,0,0,0,170.9,79.13333333333334,52.86666666666667,6.8,6946.333333333333,96.8,68.60000000000001,80.21000000000001,47.99,6.86,6535.733333333334,97.18333333333334,68.31666666666666,-4.310000000000002,-0.0900000000000034,-0.2600000000000007,461.2666666666664,-1.38333333333334,1.0833333333333428,-5.373394838548812,-0.1875390706397237,-3.790087463556861,7.057611489656857,-1.4234265134625346,1.58575262259089,10,SpO2 slightly decreased,Low,0.0,15.0,8.333333333333334,1.666666666666666,Stable
PATIENT_002,2026-09-06,77.4,59.7,6.2,7087,99.5,67.9,0,74,male,23.1,1,0,0,0,170.9,78.7,54.575,6.65,6981.5,97.475,68.425,80.21000000000001,47.99,6.86,6535.733333333334,97.18333333333334,68.31666666666666,-2.8100000000000023,11.71,-0.6600000000000001,551.2666666666664,2.316666666666663,-0.4166666666666572,-3.503303827452939,24.400916857678684,-9.620991253644316,8.434656656738337,2.3838106671239885,-0.6099048548426307,0,,Low,10.0,0.0,3.3333333333333335,-3.3333333333333335,Stable
PATIENT_002,2026-09-07,73.4,43.6,7.1,7488,98.2,68.2,0,74,male,23.1,1,0,0,0,170.9,77.64000000000001,52.38,6.739999999999999,7082.8,97.62,68.38,80.21000000000001,47.99,6.86,6535.733333333334,97.18333333333334,68.31666666666666,-6.810000000000002,-4.390000000000001,0.2399999999999993,952.2666666666664,1.0166666666666655,-0.11666666666666,-8.490213190375268,-9.147739112315064,3.498542274052468,14.570157901179154,1.0461327388098085,-0.1707733593559307,0,,Low,0.0,10.0,3.3333333333333335,-3.3333333333333335,Stable
PATIENT_002,2026-09-08,73.1,44.4,7.5,7260,95.9,68.3,0,74,male,23.1,1,0,0,0,170.9,76.88333333333334,51.05,6.866666666666666,7112.333333333333,97.33333333333331,68.36666666666666,80.21000000000001,47.99,6.86,6535.733333333334,97.18333333333334,68.31666666666666,-7.110000000000014,-3.5900000000000034,0.6399999999999997,724.2666666666664,-1.2833333333333314,-0.0166666666666657,-8.864231392594455,-7.480725151073147,9.329446064139937,11.081643477906072,-1.3205282112845118,-0.0243961941937043,10,SpO2 slightly decreased,Low,0.0,0.0,3.3333333333333335,6.666666666666666,Stable
PATIENT_002,2026-09-09,82.1,62.3,7.1,7104,96.4,67.9,0,74,male,23.1,1,0,0,0,170.9,77.62857142857142,52.65714285714286,6.9,7111.142857142857,97.2,68.3,80.21000000000001,47.99,6.86,6535.733333333334,97.18333333333334,68.31666666666666,1.8899999999999864,14.309999999999995,0.2399999999999993,568.2666666666664,-0.7833333333333314,-0.4166666666666572,2.3563146739807834,29.81871223171493,3.498542274052468,8.694765188298172,-0.8060367003944415,-0.6099048548426307,0,,Low,10.0,0.0,3.3333333333333335,-3.3333333333333335,Stable
PATIENT_002,2026-09-10,78.1,51.0,7.1,6316,96.5,68.0,0,74,male,23.1,1,0,0,0,170.9,77.65714285714286,50.89999999999999,7.1,6943.428571428572,97.11428571428571,68.25714285714285,80.21000000000001,47.99,6.86,6535.733333333334,97.18333333333334,68.31666666666666,-2.1100000000000136,3.009999999999998,0.2399999999999993,-219.7333333333336,-0.6833333333333371,-0.3166666666666629,-2.630594688941545,6.27214002917274,3.498542274052468,-3.36203027459301,-0.7031383982164333,-0.4635276896804043,0,,Low,0.0,10.0,3.3333333333333335,-3.3333333333333335,Stable
PATIENT_002,2026-09-11,74.5,52.0,5.4,6461,97.6,69.1,0,74,male,23.1,1,0,0,0,170.9,76.35714285714286,51.55714285714286,6.7142857142857135,6959.0,97.12857142857142,68.4,80.21000000000001,47.99,6.86,6535.733333333334,97.18333333333334,68.31666666666666,-5.710000000000008,4.009999999999998,-1.46,-74.73333333333358,0.4166666666666572,0.7833333333333314,-7.118813115571633,8.355907480725147,-21.282798833819243,-1.1434575054061809,0.4287429257417155,1.1466211271041689,15,Sleep decreased,Low,0.0,0.0,5.0,10.0,Stable
PATIENT_002,2026-09-12,78.1,54.5,6.5,6050,96.8,69.1,0,74,male,23.1,1,0,0,0,170.9,76.67142857142858,52.5,6.7,6823.714285714285,97.27142857142856,68.35714285714286,80.21000000000001,47.99,6.86,6535.733333333334,97.18333333333334,68.31666666666666,-2.1100000000000136,6.509999999999998,-0.3600000000000003,-485.7333333333336,-0.3833333333333399,0.7833333333333314,-2.630594688941545,13.565326109606165,-5.247813411078721,-7.431963768411608,-0.394443491682394,1.1466211271041689,0,,Low,15.0,0.0,5.0,-5.0,Stable
PATIENT_002,2026-09-13,80.9,50.9,8.8,6762,97.7,68.5,0,74,male,23.1,1,0,0,0,170.9,77.17142857142858,51.24285714285714,7.071428571428571,6777.285714285715,97.01428571428572,68.44285714285715,80.21000000000001,47.99,6.86,6535.733333333334,97.18333333333334,68.31666666666666,0.6899999999999977,2.9099999999999966,1.9400000000000004,226.2666666666664,0.5166666666666657,0.1833333333333371,0.8602418651040987,6.063763284017496,28.279883381924204,3.4619935533885475,0.5316412279197383,0.2683581361307691,0,,Low,0.0,15.0,5.0,-5.0,Stable
PATIENT_002,2026-09-14,77.3,63.7,7.7,5395,97.0,68.6,0,74,male,23.1,1,0,0,0,170.9,77.72857142857143,54.114285714285714,7.157142857142857,6478.285714285715,96.84285714285714,68.49999999999999,80.21000000000001,47.99,6.86,6535.733333333334,97.18333333333334,68.31666666666666,-2.910000000000011,15.71,0.8399999999999999,-1140.7333333333336,-0.1833333333333371,0.2833333333333314,-3.627976561526007,32.73598666388831,12.244897959183673,-17.45379248439349,-0.188646887326363,0.4147353012929955,8,Activity slightly decreased,Low,0.0,0.0,2.6666666666666665,5.333333333333334,Stable
PATIENT_002,2026-09-15,80.3,38.0,5.4,4888,97.2,68.3,0,74,male,23.1,1,0,0,0,170.9,78.75714285714285,53.2,6.857142857142856,6139.428571428572,97.02857142857144,68.5,80.21000000000001,47.99,6.86,6535.733333333334,97.18333333333334,68.31666666666666,0.0899999999999892,-9.990000000000002,-1.46,-1647.7333333333336,0.0166666666666657,-0.0166666666666657,0.1122054606657389,-20.816836841008545,-21.282798833819243,-25.211146925619165,0.017149717029668,-0.0243961941937043,43,HRV decreased; Sleep decreased; Activity slightly decreased,Elevated,8.0,0.0,17.0,26.0,Worsening
PATIENT_002,2026-09-16,79.0,42.1,6.1,4771,97.5,68.5,0,74,male,23.1,1,0,0,0,170.9,78.3142857142857,50.31428571428573,6.714285714285714,5806.142857142857,97.1857142857143,68.58571428571427,80.21000000000001,47.99,6.86,6535.733333333334,97.18333333333334,68.31666666666666,-1.210000000000008,-5.890000000000001,-0.7600000000000007,-1764.7333333333336,0.3166666666666629,0.1833333333333371,-1.5085400822840145,-12.273390289643675,-11.07871720116619,-27.001305642825084,0.3258446235637072,0.2683581361307691,26,HRV slightly decreased; Sleep slightly decreased; Activity slightly decreased,Moderate,43.0,8.0,25.666666666666668,0.33333333333333215,Stable
PATIENT_002,2026-09-17,80.9,53.0,6.7,8144,97.2,68.0,0,74,male,23.1,1,0,0,0,170.9,78.71428571428571,50.60000000000001,6.6571428571428575,6067.285714285715,97.28571428571428,68.58571428571427,80.21000000000001,47.99,6.86,6535.733333333334,97.18333333333334,68.31666666666666,0.6899999999999977,5.009999999999998,-0.1600000000000001,1608.2666666666664,0.0166666666666657,-0.3166666666666629,0.8602418651040987,10.439674932277551,-2.332361516034988,24.6072871190175,0.017149717029668,-0.4635276896804043,0,,Low,26.0,43.0,23.0,-23.0,Improving
PATIENT_002,2026-09-18,76.4,43.4,5.5,6951,97.4,68.2,0,74,male,23.1,1,0,0,0,170.9,78.98571428571428,49.371428571428574,6.671428571428572,6137.285714285715,97.25714285714284,68.45714285714286,80.21000000000001,47.99,6.86,6535.733333333334,97.18333333333334,68.31666666666666,-3.8100000000000014,-4.590000000000003,-1.3600000000000003,415.2666666666664,0.2166666666666685,-0.11666666666666,-4.750031168183521,-9.564492602625553,-19.825072886297377,6.353788404259656,0.2229463213856991,-0.1707733593559307,15,Sleep decreased,Low,0.0,26.0,13.666666666666666,1.333333333333334,Stable
PATIENT_002,2026-09-19,75.8,50.1,7.8,6833,96.9,68.1,0,74,male,23.1,1,0,0,0,170.9,78.65714285714286,48.74285714285715,6.857142857142857,6249.142857142857,97.2714285714286,68.31428571428572,80.21000000000001,47.99,6.86,6535.733333333334,97.18333333333334,68.31666666666666,-4.410000000000011,2.1099999999999994,0.9399999999999996,297.2666666666664,-0.2833333333333314,-0.2166666666666685,-5.49806757262188,4.396749322775577,13.702623906705533,4.548329185197271,-0.2915451895043712,-0.317150524518178,0,,Low,15.0,0.0,5.0,-5.0,Stable
PATIENT_002,2026-09-20,77.7,38.6,6.7,6856,98.6,68.8,0,74,male,23.1,1,0,0,0,170.9,78.2,46.98571428571428,6.557142857142857,6262.571428571428,97.4,68.35714285714286,80.21000000000001,47.99,6.86,6535.733333333334,97.18333333333334,68.31666666666666,-2.510000000000005,-9.39,-0.1600000000000001,320.2666666666664,1.4166666666666572,0.4833333333333343,-3.129285625233768,-19.566576370077097,-2.332361516034988,4.900240727895871,1.457725947521856,0.7074896316174691,10,HRV slightly decreased,Low,0.0,15.0,8.333333333333334,1.666666666666666,Stable
PATIENT_002,2026-09-21,81.0,42.5,7.2,5655,97.5,68.6,0,74,male,23.1,1,0,0,0,170.9,78.72857142857143,43.957142857142856,6.485714285714285,6299.714285714285,97.47142857142856,68.35714285714286,80.21000000000001,47.99,6.86,6535.733333333334,97.18333333333334,68.31666666666666,0.789999999999992,-5.490000000000002,0.3399999999999998,-880.7333333333336,0.3166666666666629,0.2833333333333314,0.98491459917715,-11.439883309022717,4.956268221574342,-13.475662001713658,0.3258446235637072,0.4147353012929955,10,HRV slightly decreased,Low,10.0,0.0,6.666666666666667,3.333333333333333,Stable
PATIENT_002,2026-09-22,75.6,61.5,7.1,4892,97.7,68.2,0,74,male,23.1,1,0,0,0,170.9,78.05714285714286,47.31428571428571,6.728571428571428,6300.285714285715,97.54285714285712,68.34285714285714,80.21000000000001,47.99,6.86,6535.733333333334,97.18333333333334,68.31666666666666,-4.610000000000014,13.509999999999998,0.2399999999999993,-1643.7333333333336,0.5166666666666657,-0.11666666666666,-5.747413040768,28.15169827047301,3.498542274052468,-25.14994491819332,0.5316412279197383,-0.1707733593559307,8,Activity slightly decreased,Low,10.0,10.0,9.333333333333334,-1.333333333333334,Stable
PATIENT_002,2026-09-23,77.9,50.7,7.0,4755,96.5,68.7,0,74,male,23.1,1,0,0,0,170.9,77.9,48.54285714285714,6.857142857142856,6298.0,97.4,68.37142857142858,80.21000000000001,47.99,6.86,6535.733333333334,97.18333333333334,68.31666666666666,-2.3100000000000023,2.710000000000001,0.1399999999999996,-1780.7333333333336,-0.6833333333333371,0.3833333333333399,-2.879940157087648,5.647009793707023,2.0408163265306074,-27.24611367252846,-0.7031383982164333,0.5611124664552427,8,Activity slightly decreased,Low,8.0,10.0,8.666666666666666,-0.6666666666666661,Stable
PATIENT_002,2026-09-24,81.8,60.8,7.9,4739,97.8,67.4,0,74,male,23.1,1,0,0,0,170.9,78.02857142857144,49.65714285714285,7.028571428571428,5811.571428571428,97.4857142857143,68.28571428571429,80.21000000000001,47.99,6.86,6535.733333333334,97.18333333333334,68.31666666666666,1.5899999999999892,12.809999999999995,1.04,-1796.7333333333336,0.61666666666666,-0.9166666666666572,1.982296471761612,26.69306105438632,15.160349854227404,-27.49092170223184,0.6345395300977466,-1.3417906806538042,8,Activity slightly decreased,Low,8.0,8.0,8.0,0.0,Stable
PATIENT_002,2026-09-25,82.8,49.2,6.1,8804,97.7,67.4,0,74,male,23.1,1,0,0,0,170.9,78.94285714285715,50.48571428571429,7.114285714285714,6076.285714285715,97.52857142857142,68.17142857142858,80.21000000000001,47.99,6.86,6535.733333333334,97.18333333333334,68.31666666666666,2.589999999999989,1.2100000000000009,-0.7600000000000007,2268.2666666666664,0.5166666666666657,-0.9166666666666572,3.229023812492194,2.521358616378414,-11.07871720116619,34.70561834428169,0.5316412279197383,-1.3417906806538042,8,Sleep slightly decreased,Low,8.0,8.0,8.0,0.0,Stable
PATIENT_002,2026-09-26,80.8,39.8,6.9,6329,98.1,67.6,1,74,male,23.1,1,0,0,0,170.9,79.65714285714286,49.01428571428571,6.985714285714285,6004.285714285715,97.7,68.1,80.21000000000001,47.99,6.86,6535.733333333334,97.18333333333334,68.31666666666666,0.5899999999999892,-8.190000000000005,0.04,-206.7333333333336,0.9166666666666572,-0.7166666666666686,0.7355691310310299,-17.06605542821422,0.5830903790087468,-3.163123750459019,0.943234436631786,-1.0490363503293516,10,HRV slightly decreased,Low,8.0,8.0,8.666666666666666,1.333333333333334,Stable
PATIENT_002,2026-09-27,82.9,55.2,6.3,7005,97.1,68.0,1,74,male,23.1,1,0,0,0,170.9,80.39999999999999,51.38571428571429,6.928571428571429,6025.571428571428,97.48571428571428,67.98571428571428,80.21000000000001,47.99,6.86,6535.733333333334,97.18333333333334,68.31666666666666,2.6899999999999977,7.210000000000001,-0.5600000000000005,469.2666666666664,-0.0833333333333428,-0.3166666666666629,3.353696546565263,15.023963325692854,-8.163265306122454,7.180015504508544,-0.0857485851483548,-0.4635276896804043,0,,Low,10.0,8.0,6.0,-6.0,Stable
PATIENT_002,2026-09-28,85.9,40.6,6.2,8556,97.4,68.3,1,74,male,23.1,1,0,0,0,170.9,81.1,51.114285714285714,6.785714285714285,6440.0,97.47142857142858,67.94285714285715,80.21000000000001,47.99,6.86,6535.733333333334,97.18333333333334,68.31666666666666,5.689999999999998,-7.390000000000001,-0.6600000000000001,2020.2666666666664,0.2166666666666685,-0.0166666666666657,7.093878568757009,-15.399041466972283,-9.620991253644316,30.91109388387939,0.2229463213856991,-0.0243961941937043,18,Resting HR slightly increased; HRV slightly decreased,Low,0.0,10.0,9.333333333333334,8.666666666666666,Stable
PATIENT_002,2026-09-29,84.0,32.0,7.5,6648,97.0,68.3,1,74,male,23.1,1,0,0,0,170.9,82.3,46.9,6.842857142857142,6690.857142857143,97.37142857142858,67.95714285714287,80.21000000000001,47.99,6.86,6535.733333333334,97.18333333333334,68.31666666666666,3.789999999999992,-15.990000000000002,0.6399999999999997,112.26666666666642,-0.1833333333333371,-0.0166666666666657,4.7250966213688965,-33.319441550322985,9.329446064139937,1.7177363417520055,-0.188646887326363,-0.0243961941937043,20,HRV decreased,Moderate,18.0,0.0,12.666666666666666,7.333333333333334,Worsening
PATIENT_002,2026-09-30,89.8,34.1,7.2,6611,97.1,68.7,1,74,male,23.1,1,0,0,0,170.9,84.0,44.52857142857143,6.871428571428571,6956.0,97.45714285714288,67.95714285714286,80.21000000000001,47.99,6.86,6535.733333333334,97.18333333333334,68.31666666666666,9.58999999999999,-13.89,0.3399999999999998,75.26666666666642,-0.0833333333333428,0.3833333333333399,11.95611519760627,-28.94352990206293,4.956268221574342,1.1516177730629529,-0.0857485851483548,0.5611124664552427,35,Resting HR increased; HRV decreased,Moderate,20.0,18.0,24.333333333333332,10.666666666666668,Worsening
PATIENT_002,2026-10-01,89.6,26.4,6.2,6054,95.7,68.8,1,74,male,23.1,1,0,0,0,170.9,85.11428571428571,39.614285714285714,6.628571428571428,7143.857142857143,97.15714285714286,68.15714285714286,80.21000000000001,47.99,6.86,6535.733333333334,97.18333333333334,68.31666666666666,9.389999999999986,-21.590000000000003,-0.6600000000000001,-481.7333333333336,-1.4833333333333345,0.4833333333333343,11.706769729460149,-44.988539279016464,-9.620991253644316,-7.370761760985764,-1.526324815640543,0.7074896316174691,45,Resting HR increased; HRV decreased; SpO2 slightly decreased,Elevated,35.0,20.0,33.333333333333336,11.666666666666664,Worsening
PATIENT_002,2026-10-02,91.8,41.0,8.2,6819,95.1,68.2,1,74,male,23.1,1,0,0,0,170.9,86.4,38.44285714285714,6.928571428571428,6860.285714285715,96.78571428571428,68.27142857142857,80.21000000000001,47.99,6.86,6535.733333333334,97.18333333333334,68.31666666666666,11.58999999999999,-6.990000000000002,1.339999999999999,283.2666666666664,-2.083333333333343,-0.11666666666666,14.449569879067434,-14.565534486351329,19.533527696792987,4.334122159206818,-2.143714628708636,-0.1707733593559307,45,Resting HR increased; HRV slightly decreased; SpO2 decreased,Elevated,45.0,35.0,41.666666666666664,3.3333333333333357,Stable
PATIENT_003,2026-09-03,73.9,72.6,7.0,4450,97.7,70.4,0,41,male,24.6,1,1,1,1,203.0,73.9,72.6,7.0,4450.0,97.7,70.4,76.86999999999999,60.556666666666665,6.726666666666668,4625.266666666666,98.10666666666664,69.94666666666667,-2.9699999999999847,12.04333333333333,0.2733333333333325,-175.26666666666642,-0.4066666666666521,0.4533333333333331,-3.86366592949133,19.88770848241316,4.063429137760146,-3.789331065596213,-0.4145148138080852,0.6481128478841018,0,,Low,,,0.0,0.0,Insufficient history
PATIENT_003,2026-09-04,74.1,63.5,7.5,6029,99.0,69.6,0,41,male,24.6,1,1,1,1,203.0,74.0,68.05,7.25,5239.5,98.35,70.0,76.86999999999999,60.556666666666665,6.726666666666668,4625.266666666666,98.10666666666664,69.94666666666667,-2.769999999999996,2.943333333333335,0.7733333333333325,1403.7333333333336,0.8933333333333451,-0.3466666666666782,-3.6034864056198734,4.860461275939894,11.496531219028729,30.34924112483605,0.910573525414527,-0.4956157072055063,0,,Low,0.0,,0.0,0.0,Insufficient history
PATIENT_003,2026-09-05,79.5,54.6,6.8,6476,98.6,69.9,0,41,male,24.6,1,1,1,1,203.0,75.83333333333333,63.56666666666666,7.1000000000000005,5651.666666666667,98.43333333333334,69.96666666666667,76.86999999999999,60.556666666666665,6.726666666666668,4625.266666666666,98.10666666666664,69.94666666666667,2.6300000000000097,-5.956666666666664,0.0733333333333323,1850.7333333333336,0.4933333333333394,-0.0466666666666668,3.421360738909861,-9.83651676116034,1.0901883052527108,40.01354876835931,0.5028540364229472,-0.0667174990468931,0,,Low,0.0,0.0,0.0,0.0,Stable
PATIENT_003,2026-09-06,72.6,64.1,6.7,4356,97.5,70.0,0,41,male,24.6,1,1,1,1,203.0,75.025,63.7,7.0,5327.75,98.2,69.975,76.86999999999999,60.556666666666665,6.726666666666668,4625.266666666666,98.10666666666664,69.94666666666667,-4.269999999999996,3.543333333333329,-0.0266666666666672,-269.2666666666664,-0.6066666666666549,0.0533333333333274,-5.554832834655908,5.851268784059002,-0.3964321110010002,-5.821646319491483,-0.618374558303875,0.0762485703392977,0,,Low,0.0,0.0,0.0,0.0,Stable
PATIENT_003,2026-09-07,69.8,62.6,7.2,4695,98.7,70.2,0,41,male,24.6,1,1,1,1,203.0,73.97999999999999,63.48,7.040000000000001,5201.2,98.3,70.02000000000001,76.86999999999999,60.556666666666665,6.726666666666668,4625.266666666666,98.10666666666664,69.94666666666667,-7.069999999999993,2.043333333333337,0.4733333333333327,69.73333333333358,0.5933333333333479,0.2533333333333303,-9.197346168856503,3.3742500137612206,7.036669970267581,1.5076608195563552,0.6047839086708494,0.3621807091116998,0,,Low,0.0,0.0,0.0,0.0,Stable
PATIENT_003,2026-09-08,74.3,55.4,7.5,3764,97.8,69.6,0,41,male,24.6,1,1,1,1,203.0,74.03333333333333,62.133333333333326,7.116666666666667,4961.666666666667,98.21666666666664,69.95,76.86999999999999,60.556666666666665,6.726666666666668,4625.266666666666,98.10666666666664,69.94666666666667,-2.569999999999993,-5.156666666666666,0.7733333333333325,-861.2666666666664,-0.3066666666666577,-0.3466666666666782,-3.343306881748398,-8.515440083668189,11.496531219028729,-18.620908344023405,-0.3125849415601975,-0.4956157072055063,8,Activity slightly decreased,Low,0.0,0.0,2.6666666666666665,5.333333333333334,Stable
PATIENT_003,2026-09-09,76.3,61.6,7.1,6415,98.2,69.7,0,41,male,24.6,1,1,1,1,203.0,74.35714285714286,62.05714285714286,7.114285714285714,5169.285714285715,98.21428571428572,69.91428571428571,76.86999999999999,60.556666666666665,6.726666666666668,4625.266666666666,98.10666666666664,69.94666666666667,-0.5699999999999932,1.0433333333333366,0.3733333333333322,1789.7333333333336,0.0933333333333479,-0.2466666666666697,-0.7415116430336844,1.7229041668960257,5.5500495540138575,38.69470589083153,0.0951345474313821,-0.3526496378192952,0,,Low,8.0,0.0,2.6666666666666665,-2.6666666666666665,Stable
PATIENT_003,2026-09-10,72.5,65.2,7.4,6731,97.5,69.9,0,41,male,24.6,1,1,1,1,203.0,74.15714285714286,61.0,7.171428571428572,5495.142857142857,98.18571428571428,69.84285714285714,76.86999999999999,60.556666666666665,6.726666666666668,4625.266666666666,98.10666666666664,69.94666666666667,-4.36999999999999,4.643333333333338,0.6733333333333329,2105.7333333333336,-0.6066666666666549,-0.0466666666666668,-5.684922596591637,7.667749215610731,10.009910802775018,45.526744403926266,-0.618374558303875,-0.0667174990468931,0,,Low,0.0,8.0,2.6666666666666665,-2.6666666666666665,Stable
PATIENT_003,2026-09-11,76.0,59.5,7.1,3565,98.6,70.2,0,41,male,24.6,1,1,1,1,203.0,74.42857142857143,60.42857142857143,7.114285714285714,5143.142857142857,98.12857142857142,69.92857142857143,76.86999999999999,60.556666666666665,6.726666666666668,4625.266666666666,98.10666666666664,69.94666666666667,-0.8699999999999903,-1.0566666666666649,0.3733333333333322,-1060.2666666666664,0.4933333333333394,0.2533333333333303,-1.1317809288408878,-1.7449221115208868,5.5500495540138575,-22.92336297726977,0.5028540364229472,0.3621807091116998,8,Activity slightly decreased,Low,0.0,0.0,2.6666666666666665,5.333333333333334,Stable
PATIENT_003,2026-09-12,79.5,75.9,6.9,5244,98.0,70.9,0,41,male,24.6,1,1,1,1,203.0,74.42857142857143,63.471428571428575,7.128571428571429,4967.142857142857,98.04285714285716,70.07142857142858,76.86999999999999,60.556666666666665,6.726666666666668,4625.266666666666,98.10666666666664,69.94666666666667,2.6300000000000097,15.34333333333334,0.1733333333333329,618.7333333333336,-0.1066666666666549,0.9533333333333333,3.421360738909861,25.337149777068323,2.576808721506436,13.377246717306395,-0.1087251970644077,1.3629431948150967,0,,Low,8.0,0.0,2.6666666666666665,-2.6666666666666665,Stable
PATIENT_003,2026-09-13,70.9,63.5,6.2,2698,96.6,69.2,0,41,male,24.6,1,1,1,1,203.0,74.18571428571428,63.38571428571429,7.057142857142857,4730.285714285715,97.91428571428573,69.95714285714286,76.86999999999999,60.556666666666665,6.726666666666668,4625.266666666666,98.10666666666664,69.94666666666667,-5.969999999999985,2.943333333333335,-0.5266666666666673,-1927.2666666666664,-1.5066666666666606,-0.7466666666666697,-7.766358787563401,4.860461275939894,-7.829534192269582,-41.66822813819744,-1.535743408534922,-1.0674799847502905,25,Activity decreased; SpO2 slightly decreased,Moderate,0.0,8.0,11.0,14.0,Stable
PATIENT_003,2026-09-14,79.3,54.0,6.9,4116,98.4,69.4,0,41,male,24.6,1,1,1,1,203.0,75.54285714285713,62.15714285714286,7.014285714285713,4647.571428571428,97.87142857142858,69.84285714285714,76.86999999999999,60.556666666666665,6.726666666666668,4625.266666666666,98.10666666666664,69.94666666666667,2.430000000000007,-6.556666666666665,0.1733333333333329,-509.2666666666664,0.2933333333333507,-0.5466666666666669,3.1611812150383853,-10.82732426927946,2.576808721506436,-11.010536329436857,0.2989942919271719,-0.7815478459778881,10,HRV slightly decreased,Low,25.0,0.0,11.666666666666666,-1.666666666666666,Stable
PATIENT_003,2026-09-15,80.1,53.2,6.6,5403,98.0,70.6,0,41,male,24.6,1,1,1,1,203.0,76.37142857142858,61.84285714285715,6.885714285714285,4881.714285714285,97.9,69.9857142857143,76.86999999999999,60.556666666666665,6.726666666666668,4625.266666666666,98.10666666666664,69.94666666666667,3.230000000000004,-7.356666666666662,-0.1266666666666678,777.7333333333336,-0.1066666666666549,0.6533333333333218,4.201899310524268,-12.148400946771613,-1.8830525272547245,16.814886348895204,-0.1087251970644077,0.9340449866564836,10,HRV slightly decreased,Low,10.0,25.0,15.0,-5.0,Stable
PATIENT_003,2026-09-16,76.5,51.7,6.7,4707,98.5,70.1,0,41,male,24.6,1,1,1,1,203.0,76.39999999999999,60.42857142857143,6.828571428571429,4637.714285714285,97.94285714285716,70.04285714285716,76.86999999999999,60.556666666666665,6.726666666666668,4625.266666666666,98.10666666666664,69.94666666666667,-0.3699999999999903,-8.856666666666662,-0.0266666666666672,81.73333333333358,0.3933333333333451,0.1533333333333217,-0.4813321191622093,-14.625419717069404,-0.3964321110010002,1.767105320053624,0.4009241641750595,0.2192146397254886,10,HRV slightly decreased,Low,10.0,10.0,10.0,0.0,Stable
PATIENT_003,2026-09-17,75.8,66.2,6.7,5144,98.1,70.7,0,41,male,24.6,1,1,1,1,203.0,76.87142857142858,60.57142857142857,6.728571428571428,4411.0,98.02857142857144,70.15714285714286,76.86999999999999,60.556666666666665,6.726666666666668,4625.266666666666,98.10666666666664,69.94666666666667,-1.0699999999999932,5.643333333333338,-0.0266666666666672,518.7333333333336,-0.0066666666666606,0.7533333333333303,-1.3919604527123628,9.319095062475926,-0.3964321110010002,11.21520921316249,-0.00679532481652,1.0770110560426946,0,,Low,10.0,10.0,6.666666666666667,-6.666666666666667,Stable
PATIENT_003,2026-09-18,75.8,57.7,6.4,5966,97.6,70.1,0,41,male,24.6,1,1,1,1,203.0,76.84285714285714,60.31428571428571,6.628571428571429,4754.0,97.88571428571429,70.14285714285714,76.86999999999999,60.556666666666665,6.726666666666668,4625.266666666666,98.10666666666664,69.94666666666667,-1.0699999999999932,-2.856666666666662,-0.3266666666666671,1340.7333333333336,-0.5066666666666606,0.1533333333333217,-1.3919604527123628,-4.717344635878233,-4.856293359762147,28.98715749722539,-0.5164446860559874,0.2192146397254886,0,,Low,0.0,10.0,3.3333333333333335,-3.3333333333333335,Stable
PATIENT_003,2026-09-19,70.4,67.4,6.2,4503,98.7,69.2,0,41,male,24.6,1,1,1,1,203.0,75.54285714285713,59.10000000000001,6.528571428571428,4648.142857142857,97.98571428571428,69.89999999999999,76.86999999999999,60.556666666666665,6.726666666666668,4625.266666666666,98.10666666666664,69.94666666666667,-6.469999999999985,6.843333333333341,-0.5266666666666673,-122.26666666666642,0.5933333333333479,-0.7466666666666697,-8.416807597242078,11.300710078714165,-7.829534192269582,-2.643451188399943,0.6047839086708494,-1.0674799847502905,0,,Low,0.0,0.0,0.0,0.0,Stable
PATIENT_003,2026-09-20,75.9,60.6,6.4,6623,99.0,68.9,0,41,male,24.6,1,1,1,1,203.0,76.25714285714285,58.68571428571429,6.557142857142858,5208.857142857143,98.32857142857142,69.85714285714286,76.86999999999999,60.556666666666665,6.726666666666668,4625.266666666666,98.10666666666664,69.94666666666667,-0.9699999999999848,0.0433333333333365,-0.3266666666666671,1997.7333333333336,0.8933333333333451,-1.0466666666666669,-1.2618706907766162,0.0715583200308304,-4.856293359762147,43.19174389945085,0.910573525414527,-1.496378192908883,0,,Low,0.0,0.0,0.0,0.0,Stable
PATIENT_003,2026-09-21,71.8,65.8,6.3,4891,98.1,70.3,0,41,male,24.6,1,1,1,1,203.0,75.18571428571428,60.371428571428574,6.471428571428571,5319.571428571428,98.28571428571428,69.9857142857143,76.86999999999999,60.556666666666665,6.726666666666668,4625.266666666666,98.10666666666664,69.94666666666667,-5.069999999999993,5.243333333333332,-0.4266666666666676,265.7333333333336,-0.0066666666666606,0.3533333333333246,-6.59555093014179,8.658556723729838,-6.342913776015871,5.74525432767841,-0.00679532481652,0.5051467784978907,0,,Low,0.0,0.0,0.0,0.0,Stable
PATIENT_003,2026-09-22,75.5,60.8,6.6,6572,97.6,70.1,0,41,male,24.6,1,1,1,1,203.0,74.52857142857142,61.45714285714286,6.471428571428572,5486.571428571428,98.2285714285714,69.91428571428571,76.86999999999999,60.556666666666665,6.726666666666668,4625.266666666666,98.10666666666664,69.94666666666667,-1.3699999999999903,0.2433333333333323,-0.1266666666666678,1946.7333333333336,-0.5066666666666606,0.1533333333333217,-1.782229738519566,0.4018274894038624,-1.8830525272547245,42.08910477233746,-0.5164446860559874,0.2192146397254886,0,,Low,0.0,0.0,0.0,0.0,Stable
PATIENT_003,2026-09-23,74.6,60.9,6.9,5117,97.3,70.3,0,41,male,24.6,1,1,1,1,203.0,74.25714285714285,62.771428571428565,6.5,5545.142857142857,98.05714285714284,69.94285714285714,76.86999999999999,60.556666666666665,6.726666666666668,4625.266666666666,98.10666666666664,69.94666666666667,-2.269999999999996,0.3433333333333337,0.1733333333333329,491.7333333333336,-0.8066666666666578,0.3533333333333246,-2.9530375959411947,0.5669620740903842,2.576808721506436,10.631459087043636,-0.8222343027996648,0.5051467784978907,0,,Low,0.0,0.0,0.0,0.0,Stable
PATIENT_003,2026-09-24,80.4,61.8,7.5,6118,98.6,70.1,0,41,male,24.6,1,1,1,1,203.0,74.91428571428571,62.142857142857146,6.614285714285714,5684.285714285715,98.1285714285714,69.85714285714286,76.86999999999999,60.556666666666665,6.726666666666668,4625.266666666666,98.10666666666664,69.94666666666667,3.530000000000016,1.2433333333333323,0.7733333333333325,1492.7333333333336,0.4933333333333394,0.1533333333333217,4.592168596331489,2.0531733362690576,11.496531219028729,32.27345450352413,0.5028540364229472,0.2192146397254886,0,,Low,0.0,0.0,0.0,0.0,Stable
PATIENT_003,2026-09-25,76.8,66.2,7.1,4306,98.0,69.0,0,41,male,24.6,1,1,1,1,203.0,75.05714285714285,63.35714285714285,6.714285714285714,5447.142857142857,98.18571428571428,69.7,76.86999999999999,60.556666666666665,6.726666666666668,4625.266666666666,98.10666666666664,69.94666666666667,-0.0699999999999931,5.643333333333338,0.3733333333333322,-319.2666666666664,-0.1066666666666549,-0.9466666666666724,-0.091062833355006,9.319095062475926,5.5500495540138575,-6.902665071563437,-0.1087251970644077,-1.3534121235226924,0,,Low,0.0,0.0,0.0,0.0,Stable
PATIENT_003,2026-09-26,77.3,63.0,7.5,4831,98.6,69.9,1,41,male,24.6,1,1,1,1,203.0,76.04285714285716,62.72857142857144,6.9,5494.0,98.17142857142856,69.8,76.86999999999999,60.556666666666665,6.726666666666668,4625.266666666666,98.10666666666664,69.94666666666667,0.4300000000000068,2.443333333333335,0.7733333333333325,205.7333333333336,0.4933333333333394,-0.0466666666666668,0.5593859763236723,4.034788352507297,11.496531219028729,4.448031825192066,0.5028540364229472,-0.0667174990468931,0,,Low,0.0,0.0,0.0,0.0,Stable
PATIENT_003,2026-09-27,75.5,50.2,6.0,2714,98.4,69.8,1,41,male,24.6,1,1,1,1,203.0,75.98571428571428,61.24285714285714,6.842857142857143,4935.571428571428,98.08571428571427,69.92857142857143,76.86999999999999,60.556666666666665,6.726666666666668,4625.266666666666,98.10666666666664,69.94666666666667,-1.3699999999999903,-10.356666666666662,-0.7266666666666675,-1911.2666666666664,0.2933333333333507,-0.1466666666666753,-1.782229738519566,-17.1024384873672,-10.802775024777016,-41.322302137534415,0.2989942919271719,-0.2096835684331043,33,HRV slightly decreased; Sleep slightly decreased; Activity decreased,Moderate,0.0,0.0,11.0,22.0,Stable
PATIENT_003,2026-09-28,81.4,60.6,6.9,4540,97.5,69.8,1,41,male,24.6,1,1,1,1,203.0,77.35714285714286,60.5,6.928571428571429,4885.428571428572,98.0,69.85714285714286,76.86999999999999,60.556666666666665,6.726666666666668,4625.266666666666,98.10666666666664,69.94666666666667,4.530000000000015,0.0433333333333365,0.1733333333333329,-85.26666666666642,-0.6066666666666549,-0.1466666666666753,5.893066215688847,0.0715583200308304,2.576808721506436,-1.843497311866698,-0.618374558303875,-0.2096835684331043,8,Resting HR slightly increased,Low,33.0,0.0,13.666666666666666,-5.666666666666666,Stable
PATIENT_003,2026-09-29,79.3,48.8,6.5,4069,98.0,69.7,1,41,male,24.6,1,1,1,1,203.0,77.89999999999999,58.785714285714285,6.914285714285714,4527.857142857143,98.05714285714286,69.8,76.86999999999999,60.556666666666665,6.726666666666668,4625.266666666666,98.10666666666664,69.94666666666667,2.430000000000007,-11.756666666666668,-0.2266666666666674,-556.2666666666664,-0.1066666666666549,-0.2466666666666697,3.1611812150383853,-19.41432267297848,-3.369672943508436,-12.026693956384491,-0.1087251970644077,-0.3526496378192952,10,HRV slightly decreased,Low,8.0,33.0,17.0,-7.0,Stable
PATIENT_003,2026-09-30,85.4,43.7,5.9,2423,97.6,70.6,1,41,male,24.6,1,1,1,1,203.0,79.44285714285715,56.32857142857143,6.771428571428571,4143.0,98.1,69.84285714285714,76.86999999999999,60.556666666666665,6.726666666666668,4625.266666666666,98.10666666666664,69.94666666666667,8.530000000000015,-16.856666666666662,-0.8266666666666671,-2202.2666666666664,-0.5066666666666606,0.6533333333333218,11.096656693118272,-27.836186491990965,-12.28939544103073,-47.61383127459317,-0.5164446860559874,0.9340449866564836,58,Resting HR increased; HRV decreased; Sleep slightly decreased; Activity decreased,Elevated,10.0,8.0,25.333333333333332,32.66666666666667,Worsening
PATIENT_003,2026-10-01,86.2,58.3,5.5,1292,97.6,69.3,1,41,male,24.6,1,1,1,1,203.0,80.27142857142857,55.82857142857143,6.485714285714286,3453.5714285714284,97.95714285714284,69.72857142857143,76.86999999999999,60.556666666666665,6.726666666666668,4625.266666666666,98.10666666666664,69.94666666666667,9.330000000000013,-2.256666666666668,-1.2266666666666677,-3333.2666666666664,-0.5066666666666606,-0.6466666666666754,12.137374788604156,-3.7265371277591255,-18.2358771060456,-72.06647544646074,-0.5164446860559874,-0.9245139153640992,45,Resting HR increased; Sleep decreased; Activity decreased,Elevated,58.0,10.0,37.666666666666664,7.333333333333336,Stable
PATIENT_003,2026-10-02,88.7,67.3,5.8,1000,99.4,70.9,1,41,male,24.6,1,1,1,1,203.0,81.97142857142858,55.98571428571428,6.3,2981.285714285714,98.15714285714286,70.0,76.86999999999999,60.556666666666665,6.726666666666668,4625.266666666666,98.10666666666664,69.94666666666667,11.830000000000013,6.743333333333332,-0.9266666666666676,-3625.2666666666655,1.2933333333333508,0.9533333333333333,15.389618836997546,11.135575494027632,-13.776015857284452,-78.37962495856094,1.3182930144061067,1.3629431948150967,38,Resting HR increased; Sleep slightly decreased; Activity decreased,Moderate,45.0,58.0,47.0,-9.0,Improving
PATIENT_004,2026-09-03,80.0,39.9,8.3,8049,96.7,69.5,0,40,male,23.9,1,0,0,0,236.1,80.0,39.9,8.3,8049.0,96.7,69.5,76.47333333333333,49.15,7.073333333333333,6230.966666666666,97.53666666666666,70.17666666666668,3.526666666666671,-9.25,1.2266666666666677,1818.0333333333333,-0.8366666666666589,-0.6766666666666765,4.61162932612676,-18.819938962360123,17.342130065975507,29.17738820621734,-0.857797067769378,-0.9642331259203102,10,HRV slightly decreased,Low,,,10.0,0.0,Insufficient history
PATIENT_004,2026-09-04,75.9,43.2,7.0,3901,97.4,71.1,0,40,male,23.9,1,0,0,0,236.1,77.95,41.55,7.65,5975.0,97.05,70.3,76.47333333333333,49.15,7.073333333333333,6230.966666666666,97.53666666666666,70.17666666666668,-0.5733333333333235,-5.949999999999996,-0.0733333333333332,-2329.9666666666662,-0.136666666666656,0.9233333333333178,-0.7497166768372289,-12.105798575788397,-1.0367577756833164,-37.39334185706873,-0.1401182461296497,1.315726974777919,25,HRV slightly decreased; Activity decreased,Moderate,10.0,,17.5,7.5,Insufficient history
PATIENT_004,2026-09-05,73.4,48.5,6.2,7121,97.4,71.2,0,40,male,23.9,1,0,0,0,236.1,76.43333333333334,43.86666666666667,7.166666666666667,6357.0,97.16666666666669,70.60000000000001,76.47333333333333,49.15,7.073333333333333,6230.966666666666,97.53666666666666,70.17666666666668,-3.0733333333333235,-0.6499999999999986,-0.8733333333333331,890.0333333333338,-0.136666666666656,1.0233333333333263,-4.01883009327869,-1.322482197355033,-12.346842601319509,14.284032975086806,-0.1401182461296497,1.458224481071571,8,Sleep slightly decreased,Low,25.0,10.0,14.333333333333334,-6.333333333333334,Stable
PATIENT_004,2026-09-06,77.4,47.8,7.5,5976,96.6,70.4,0,40,male,23.9,1,0,0,0,236.1,76.67500000000001,44.85,7.25,6261.75,97.025,70.55,76.47333333333333,49.15,7.073333333333333,6230.966666666666,97.53666666666666,70.17666666666668,0.9266666666666764,-1.3500000000000014,0.4266666666666667,-254.96666666666624,-0.9366666666666674,0.2233333333333291,1.211751373027648,-2.746693794506615,6.032045240339304,-4.091927951254213,-0.9603226137179188,0.3182444307224564,0,,Low,8.0,25.0,11.0,-11.0,Improving
PATIENT_004,2026-09-07,76.2,51.6,7.4,5972,97.8,71.1,0,40,male,23.9,1,0,0,0,236.1,76.58000000000001,46.2,7.279999999999999,6203.8,97.18,70.66,76.47333333333333,49.15,7.073333333333333,6230.966666666666,97.53666666666666,70.17666666666668,-0.2733333333333263,2.450000000000003,0.3266666666666671,-258.96666666666624,0.2633333333333354,0.9233333333333178,-0.3574230668642572,4.984740590030524,4.618284637134785,-4.156123447940121,0.2699839376644702,1.315726974777919,0,,Low,0.0,8.0,2.6666666666666665,-2.6666666666666665,Stable
PATIENT_004,2026-09-08,73.4,62.6,7.0,5716,99.2,70.3,0,40,male,23.9,1,0,0,0,236.1,76.05,48.93333333333334,7.233333333333333,6122.5,97.51666666666668,70.60000000000001,76.47333333333333,49.15,7.073333333333333,6230.966666666666,97.53666666666666,70.17666666666668,-3.0733333333333235,13.450000000000005,-0.0733333333333332,-514.9666666666662,1.663333333333341,0.1233333333333206,-4.01883009327869,27.36520854526959,-1.0367577756833164,-8.264635235838199,1.7053415809439263,0.1757469244288043,0,,Low,0.0,0.0,0.0,0.0,Stable
PATIENT_004,2026-09-09,80.9,56.1,6.1,6603,97.2,69.6,0,40,male,23.9,1,0,0,0,236.1,76.74285714285715,49.957142857142856,7.071428571428571,6191.142857142857,97.47142857142856,70.45714285714286,76.47333333333333,49.15,7.073333333333333,6230.966666666666,97.53666666666666,70.17666666666668,4.4266666666666765,6.950000000000003,-0.9733333333333336,372.03333333333376,-0.3366666666666589,-0.5766666666666822,5.788510156045694,14.140386571719231,-13.760603204524038,5.970716154261786,-0.345169338026717,-0.8217356196266786,16,Resting HR slightly increased; Sleep slightly decreased,Low,0.0,0.0,5.333333333333333,10.666666666666668,Stable
PATIENT_004,2026-09-10,71.4,51.1,7.5,6873,97.3,69.8,0,40,male,23.9,1,0,0,0,236.1,75.51428571428572,51.557142857142864,6.957142857142857,6023.142857142857,97.55714285714284,70.5,76.47333333333333,49.15,7.073333333333333,6230.966666666666,97.53666666666666,70.17666666666668,-5.073333333333324,1.9500000000000028,0.4266666666666667,642.0333333333338,-0.2366666666666645,-0.3766666666666793,-6.634120826431859,3.967446592065112,6.032045240339304,10.30391218056054,-0.2426437920781907,-0.5367406070393949,0,,Low,16.0,0.0,5.333333333333333,-5.333333333333333,Stable
PATIENT_004,2026-09-11,73.8,46.5,6.5,6279,97.5,69.8,0,40,male,23.9,1,0,0,0,236.1,75.21428571428571,52.02857142857143,6.885714285714286,6362.857142857143,97.57142857142856,70.3142857142857,76.47333333333333,49.15,7.073333333333333,6230.966666666666,97.53666666666666,70.17666666666668,-2.673333333333332,-2.6499999999999986,-0.5733333333333333,48.03333333333376,-0.0366666666666617,-0.3766666666666793,-3.495771946648067,-5.391658189216681,-8.105560791705937,0.7708809227032792,-0.0375927001811234,-0.5367406070393949,0,,Low,0.0,16.0,5.333333333333333,-5.333333333333333,Stable
PATIENT_004,2026-09-12,76.0,45.1,7.1,6989,97.6,70.5,0,40,male,23.9,1,0,0,0,236.1,75.58571428571429,51.54285714285714,7.014285714285714,6344.0,97.6,70.21428571428571,76.47333333333333,49.15,7.073333333333333,6230.966666666666,97.53666666666666,70.17666666666668,-0.4733333333333291,-4.049999999999997,0.0266666666666663,758.0333333333338,0.0633333333333325,0.3233333333333235,-0.6189521401795779,-8.240081383519831,0.3770028275212025,12.16558158445186,0.0649328457674029,0.460741937016088,0,,Low,0.0,0.0,0.0,0.0,Stable
PATIENT_004,2026-09-13,71.8,47.8,7.3,7123,96.4,70.3,0,40,male,23.9,1,0,0,0,236.1,74.78571428571429,51.54285714285714,6.985714285714286,6507.857142857143,97.57142857142856,70.2,76.47333333333333,49.15,7.073333333333333,6230.966666666666,97.53666666666666,70.17666666666668,-4.673333333333332,-1.3500000000000014,0.2266666666666665,892.0333333333338,-1.136666666666656,0.1233333333333206,-6.111062679801236,-2.746693794506615,3.204524033930253,14.31613072342976,-1.1653737056149716,0.1757469244288043,10,SpO2 slightly decreased,Low,0.0,0.0,3.3333333333333335,6.666666666666666,Stable
PATIENT_004,2026-09-14,80.4,49.2,7.1,6933,97.7,70.6,0,40,male,23.9,1,0,0,0,236.1,75.38571428571429,51.2,6.942857142857143,6645.142857142857,97.55714285714286,70.12857142857142,76.47333333333333,49.15,7.073333333333333,6230.966666666666,97.53666666666666,70.17666666666668,3.926666666666677,0.0500000000000042,0.0266666666666663,702.0333333333338,0.1633333333333411,0.4233333333333178,5.134687472757402,0.1017293997965498,0.3770028275212025,11.266844630849151,0.1674583917159438,0.6032394433097199,8,Resting HR slightly increased,Low,10.0,0.0,6.0,2.0,Stable
PATIENT_004,2026-09-15,77.0,51.5,6.7,6312,98.4,70.1,0,40,male,23.9,1,0,0,0,236.1,75.9,49.61428571428571,6.9,6730.285714285715,97.44285714285716,70.1,76.47333333333333,49.15,7.073333333333333,6230.966666666666,97.53666666666666,70.17666666666668,0.5266666666666708,2.3500000000000014,-0.3733333333333331,81.03333333333376,0.8633333333333439,-0.0766666666666822,0.6886932263970067,4.78128179043744,-5.278039585296886,1.300493770362016,0.8851372133556721,-0.1092480881584793,0,,Low,8.0,10.0,6.0,-6.0,Improving
PATIENT_004,2026-09-16,76.2,47.0,7.6,5628,98.2,69.8,0,40,male,23.9,1,0,0,0,236.1,75.22857142857143,48.31428571428573,7.114285714285714,6591.0,97.58571428571427,70.12857142857142,76.47333333333333,49.15,7.073333333333333,6230.966666666666,97.53666666666666,70.17666666666668,-0.2733333333333263,-2.1499999999999986,0.5266666666666664,-602.9666666666662,0.6633333333333411,-0.3766666666666793,-0.3574230668642572,-4.374364191251269,7.445805843543823,-9.676936162928165,0.6800861214586048,-0.5367406070393949,0,,Low,0.0,8.0,2.6666666666666665,-2.6666666666666665,Stable
PATIENT_004,2026-09-17,73.6,51.9,7.2,6780,98.3,70.0,0,40,male,23.9,1,0,0,0,236.1,75.54285714285713,48.42857142857143,7.071428571428571,6577.714285714285,97.72857142857144,70.15714285714286,76.47333333333333,49.15,7.073333333333333,6230.966666666666,97.53666666666666,70.17666666666668,-2.873333333333335,2.75,0.1266666666666669,549.0333333333338,0.7633333333333354,-0.1766666666666765,-3.757301019963388,5.595116988809766,1.790763430725734,8.811366882613193,0.7826116674071312,-0.2517455944521111,0,,Low,0.0,0.0,0.0,0.0,Stable
PATIENT_004,2026-09-18,78.1,44.0,7.9,7115,97.9,70.3,0,40,male,23.9,1,0,0,0,236.1,76.15714285714286,48.07142857142857,7.271428571428571,6697.142857142857,97.78571428571428,70.22857142857143,76.47333333333333,49.15,7.073333333333333,6230.966666666666,97.53666666666666,70.17666666666668,1.6266666666666652,-5.149999999999999,0.8266666666666671,884.0333333333338,0.3633333333333439,0.1233333333333206,2.127103129631242,-10.47812817904374,11.687087653157404,14.187739730057944,0.3725094836130111,0.1757469244288043,10,HRV slightly decreased,Low,0.0,0.0,3.3333333333333335,6.666666666666666,Stable
PATIENT_004,2026-09-19,74.4,48.1,7.4,6463,97.6,69.6,0,40,male,23.9,1,0,0,0,236.1,75.92857142857143,48.5,7.314285714285715,6622.0,97.78571428571428,70.1,76.47333333333333,49.15,7.073333333333333,6230.966666666666,97.53666666666666,70.17666666666668,-2.0733333333333235,-1.0499999999999972,0.3266666666666671,232.03333333333376,0.0633333333333325,-0.5766666666666822,-2.7111847267021054,-2.13631739572736,4.618284637134785,3.723873770255024,0.0649328457674029,-0.8217356196266786,0,,Low,10.0,0.0,3.3333333333333335,-3.3333333333333335,Stable
PATIENT_004,2026-09-20,77.3,45.6,6.5,6328,96.2,70.6,0,40,male,23.9,1,0,0,0,236.1,76.71428571428571,48.18571428571429,7.200000000000001,6508.428571428572,97.75714285714284,70.14285714285714,76.47333333333333,49.15,7.073333333333333,6230.966666666666,97.53666666666666,70.17666666666668,0.826666666666668,-3.549999999999997,-0.5733333333333333,97.03333333333376,-1.336666666666659,0.4233333333333178,1.0809868363699782,-7.222787385554421,-8.105560791705937,1.557275757105646,-1.3704247975120387,0.6032394433097199,10,SpO2 slightly decreased,Low,0.0,10.0,6.666666666666667,3.333333333333333,Stable
PATIENT_004,2026-09-21,79.3,50.0,6.5,5537,97.4,69.0,0,40,male,23.9,1,0,0,0,236.1,76.55714285714285,48.3,7.114285714285714,6309.0,97.71428571428572,69.91428571428571,76.47333333333333,49.15,7.073333333333333,6230.966666666666,97.53666666666666,70.17666666666668,2.826666666666668,0.8500000000000014,-0.5733333333333333,-693.9666666666662,-0.136666666666656,-1.1766666666666763,3.696277569523147,1.7293997965412031,-8.105560791705937,-11.13738371253256,-0.1401182461296497,-1.6767206573885096,0,,Low,10.0,0.0,3.3333333333333335,-3.3333333333333335,Stable
PATIENT_004,2026-09-22,77.3,55.1,7.0,5988,97.6,70.4,0,40,male,23.9,1,0,0,0,236.1,76.60000000000001,48.81428571428573,7.157142857142857,6262.714285714285,97.6,69.95714285714286,76.47333333333333,49.15,7.073333333333333,6230.966666666666,97.53666666666666,70.17666666666668,0.826666666666668,5.950000000000003,-0.0733333333333332,-242.96666666666624,0.0633333333333325,0.2233333333333291,1.0809868363699782,12.105798575788407,-1.0367577756833164,-3.8993414611964905,0.0649328457674029,0.3182444307224564,0,,Low,0.0,10.0,3.3333333333333335,-3.3333333333333335,Stable
PATIENT_004,2026-09-23,80.0,50.5,6.7,6021,97.6,71.0,0,40,male,23.9,1,0,0,0,236.1,77.14285714285714,49.31428571428573,7.028571428571429,6318.857142857143,97.51428571428572,70.12857142857142,76.47333333333333,49.15,7.073333333333333,6230.966666666666,97.53666666666666,70.17666666666668,3.526666666666671,1.3500000000000014,-0.3733333333333331,-209.96666666666624,0.0633333333333325,0.8233333333333235,4.61162932612676,2.746693794506615,-5.278039585296886,-3.3697286135377533,0.0649328457674029,1.1732294684842872,0,,Low,0.0,0.0,0.0,0.0,Stable
PATIENT_004,2026-09-24,75.8,43.0,6.6,4386,97.7,69.6,0,40,male,23.9,1,0,0,0,236.1,77.45714285714287,48.04285714285714,6.942857142857143,5976.857142857143,97.42857142857144,70.07142857142857,76.47333333333333,49.15,7.073333333333333,6230.966666666666,97.53666666666666,70.17666666666668,-0.673333333333332,-6.149999999999999,-0.4733333333333336,-1844.9666666666665,0.1633333333333411,-0.5766666666666822,-0.8804812134948985,-12.512716174974564,-6.691800188501418,-29.60963788390244,0.1674583917159438,-0.8217356196266786,18,HRV slightly decreased; Activity slightly decreased,Low,0.0,0.0,6.0,12.0,Stable
PATIENT_004,2026-09-25,73.0,36.6,6.5,7051,96.6,69.4,0,40,male,23.9,1,0,0,0,236.1,76.72857142857141,46.98571428571428,6.742857142857143,5967.714285714285,97.24285714285716,69.94285714285714,76.47333333333333,49.15,7.073333333333333,6230.966666666666,97.53666666666666,70.17666666666668,-3.473333333333329,-12.549999999999995,-0.5733333333333333,820.0333333333338,-0.9366666666666674,-0.7766666666666708,-4.541888239909332,-25.53407934893184,-8.105560791705937,13.160611783083423,-0.9603226137179188,-1.106730632213942,20,HRV decreased,Moderate,18.0,0.0,12.666666666666666,7.333333333333334,Worsening
PATIENT_004,2026-09-26,77.3,48.0,7.4,7223,97.5,69.6,0,40,male,23.9,1,0,0,0,236.1,77.14285714285714,46.97142857142857,6.742857142857142,6076.285714285715,97.2285714285714,69.94285714285715,76.47333333333333,49.15,7.073333333333333,6230.966666666666,97.53666666666666,70.17666666666668,0.826666666666668,-1.1499999999999986,0.3266666666666671,992.0333333333338,-0.0366666666666617,-0.5766666666666822,1.0809868363699782,-2.339776195320445,4.618284637134785,15.921018140577448,-0.0375927001811234,-0.8217356196266786,0,,Low,20.0,18.0,12.666666666666666,-12.666666666666666,Stable
PATIENT_004,2026-09-27,76.4,53.9,6.8,5045,98.3,70.0,0,40,male,23.9,1,0,0,0,236.1,77.01428571428572,48.15714285714286,6.785714285714286,5893.0,97.52857142857144,69.85714285714286,76.47333333333333,49.15,7.073333333333333,6230.966666666666,97.53666666666666,70.17666666666668,-0.0733333333333234,4.75,-0.2733333333333334,-1185.9666666666662,0.7633333333333354,-0.1766666666666765,-0.0958939935489366,9.664292980671414,-3.864278982092367,-19.03342980489918,0.7826116674071312,-0.2517455944521111,8,Activity slightly decreased,Low,0.0,20.0,9.333333333333334,-1.333333333333334,Stable
PATIENT_004,2026-09-28,75.5,50.5,7.8,6746,97.3,70.6,0,40,male,23.9,1,0,0,0,236.1,76.47142857142858,48.22857142857144,6.971428571428572,6065.714285714285,97.5142857142857,70.08571428571427,76.47333333333333,49.15,7.073333333333333,6230.966666666666,97.53666666666666,70.17666666666668,-0.9733333333333292,1.3500000000000014,0.7266666666666666,515.0333333333338,-0.2366666666666645,0.4233333333333178,-1.27277482346787,2.746693794506615,10.273327049952874,8.265705160782979,-0.2426437920781907,0.6032394433097199,0,,Low,8.0,0.0,2.6666666666666665,-2.6666666666666665,Stable
PATIENT_004,2026-09-29,83.2,60.1,7.5,5360,100.0,69.6,0,40,male,23.9,1,0,0,0,236.1,77.31428571428572,48.942857142857136,7.042857142857143,5976.0,97.85714285714286,69.97142857142858,76.47333333333333,49.15,7.073333333333333,6230.966666666666,97.53666666666666,70.17666666666668,6.726666666666674,10.950000000000005,0.4266666666666667,-870.9666666666662,2.4633333333333383,-0.5766666666666822,8.796094499171835,22.27873855544253,6.032045240339304,-13.978034440883963,2.525545948532181,-0.8217356196266786,8,Resting HR slightly increased,Low,0.0,8.0,5.333333333333333,2.666666666666667,Stable
PATIENT_004,2026-09-30,75.6,45.5,8.1,6903,96.5,70.4,0,40,male,23.9,1,0,0,0,236.1,76.68571428571428,48.22857142857142,7.242857142857143,6102.0,97.7,69.88571428571429,76.47333333333333,49.15,7.073333333333333,6230.966666666666,97.53666666666666,70.17666666666668,-0.8733333333333348,-3.649999999999999,1.0266666666666664,672.0333333333338,-1.0366666666666615,0.2233333333333291,-1.142010286810219,-7.426246185147504,14.514608859566444,10.785378405704847,-1.0628481596664452,0.3182444307224564,10,SpO2 slightly decreased,Low,8.0,0.0,6.0,4.0,Worsening
PATIENT_004,2026-10-01,78.4,48.2,6.4,5757,97.2,70.2,0,40,male,23.9,1,0,0,0,236.1,77.05714285714285,48.971428571428575,7.214285714285714,6297.857142857143,97.62857142857142,69.97142857142856,76.47333333333333,49.15,7.073333333333333,6230.966666666666,97.53666666666666,70.17666666666668,1.9266666666666763,-0.9499999999999956,-0.6733333333333329,-473.96666666666624,-0.3366666666666589,0.0233333333333263,2.5193967396042325,-1.932858596134274,-9.519321394910456,-7.606631394807647,-0.345169338026717,0.0332494181351726,0,,Low,10.0,8.0,6.0,-6.0,Stable
PATIENT_004,2026-10-02,75.2,55.6,6.6,4751,97.0,70.9,0,40,male,23.9,1,0,0,0,236.1,77.37142857142858,51.68571428571429,7.228571428571428,5969.285714285715,97.68571428571428,70.18571428571428,76.47333333333333,49.15,7.073333333333333,6230.966666666666,97.53666666666666,70.17666666666668,-1.2733333333333263,6.450000000000003,-0.4733333333333336,-1479.9666666666662,-0.5366666666666617,0.7233333333333292,-1.6650684334408417,13.123092573753825,-6.691800188501418,-23.75179881131338,-0.5502204299237843,1.0307319621906557,8,Activity slightly decreased,Low,0.0,10.0,6.0,2.0,Stable
PATIENT_005,2026-09-03,65.8,85.0,7.1,7881,98.4,69.4,0,61,male,32.2,0,0,0,0,204.3,65.8,85.0,7.1,7881.0,98.4,69.4,69.99333333333334,68.91333333333334,7.736666666666666,6688.433333333333,97.1,69.79333333333334,-4.193333333333342,16.08666666666666,-0.6366666666666667,1192.5666666666666,1.3000000000000114,-0.3933333333333308,-5.991046766358713,23.34332978620488,-8.229211546747091,17.830284122340558,1.3388259526261703,-0.5635686311968634,0,,Low,,,0.0,0.0,Insufficient history
PATIENT_005,2026-09-04,66.3,66.4,7.9,8076,97.4,68.7,0,61,male,32.2,0,0,0,0,204.3,66.05,75.7,7.5,7978.5,97.9,69.05000000000001,69.99333333333334,68.91333333333334,7.736666666666666,6688.433333333333,97.1,69.79333333333334,-3.6933333333333422,-2.5133333333333354,0.163333333333334,1387.5666666666666,0.3000000000000113,-1.0933333333333335,-5.276693018382715,-3.647092967011708,2.111158983196906,20.74576507702352,0.3089598352214329,-1.5665297545133257,0,,Low,0.0,,0.0,0.0,Insufficient history
PATIENT_005,2026-09-05,69.5,63.6,6.4,6503,96.4,69.7,0,61,male,32.2,0,0,0,0,204.3,67.2,71.66666666666667,7.133333333333333,7486.666666666667,97.40000000000002,69.26666666666667,69.99333333333334,68.91333333333334,7.736666666666666,6688.433333333333,97.1,69.79333333333334,-0.4933333333333394,-5.31333333333334,-1.336666666666666,-185.4333333333334,-0.6999999999999886,-0.0933333333333337,-0.7048290313363264,-7.710167359969051,-17.277035760448076,-2.772447957419028,-0.7209062821833044,-0.1337281497755282,15,Sleep decreased,Low,0.0,0.0,5.0,10.0,Stable
PATIENT_005,2026-09-06,75.2,81.4,7.4,6733,97.8,70.0,0,61,male,32.2,0,0,0,0,204.3,69.2,74.1,7.2,7298.25,97.5,69.45,69.99333333333334,68.91333333333334,7.736666666666666,6688.433333333333,97.1,69.79333333333334,5.206666666666664,12.486666666666665,-0.336666666666666,44.566666666666606,0.7000000000000028,0.2066666666666634,7.438803695590051,18.119376995259746,-4.351572598018088,0.6663244506685662,0.7209062821833191,0.2961123316458068,8,Resting HR slightly increased,Low,15.0,0.0,7.666666666666667,0.33333333333333304,Stable
PATIENT_005,2026-09-07,68.1,67.4,9.0,7093,97.0,69.5,0,61,male,32.2,0,0,0,0,204.3,68.97999999999999,72.76,7.56,7257.2,97.4,69.46000000000001,69.99333333333334,68.91333333333334,7.736666666666666,6688.433333333333,97.1,69.79333333333334,-1.893333333333345,-1.5133333333333354,1.2633333333333336,404.5666666666666,-0.0999999999999943,-0.2933333333333365,-2.705019525669128,-2.1959949695269447,16.329168461869887,6.0487508285448,-0.1029866117404678,-0.4202884707230918,0,,Low,8.0,15.0,7.666666666666667,-7.666666666666667,Improving
PATIENT_005,2026-09-08,71.1,61.2,7.6,6034,97.2,70.4,0,61,male,32.2,0,0,0,0,204.3,69.33333333333333,70.83333333333333,7.566666666666666,7053.333333333333,97.36666666666667,69.61666666666667,69.99333333333334,68.91333333333334,7.736666666666666,6688.433333333333,97.1,69.79333333333334,1.106666666666655,-7.713333333333338,-0.1366666666666667,-654.4333333333334,0.1000000000000085,0.6066666666666691,1.5811029621868582,-11.192802553932482,-1.766479965532099,-9.784553433041122,0.1029866117404825,0.8692329735409338,10,HRV slightly decreased,Low,0.0,8.0,6.0,4.0,Stable
PATIENT_005,2026-09-09,71.5,67.7,7.2,6889,98.1,69.2,0,61,male,32.2,0,0,0,0,204.3,69.64285714285714,70.38571428571429,7.514285714285714,7029.857142857143,97.47142857142856,69.55714285714286,69.99333333333334,68.91333333333334,7.736666666666666,6688.433333333333,97.1,69.79333333333334,1.5066666666666606,-1.2133333333333385,-0.5366666666666662,200.5666666666666,1.0,-0.5933333333333337,2.1525859605676643,-1.7606655702815202,-6.936665230504087,2.998709214414934,1.0298661174047374,-0.8501289521444269,0,,Low,10.0,0.0,3.3333333333333335,-3.3333333333333335,Stable
PATIENT_005,2026-09-10,73.7,58.7,7.5,8943,96.0,70.0,0,61,male,32.2,0,0,0,0,204.3,70.77142857142857,66.62857142857143,7.571428571428571,7181.571428571428,97.12857142857143,69.64285714285714,69.99333333333334,68.91333333333334,7.736666666666666,6688.433333333333,97.1,69.79333333333334,3.706666666666664,-10.213333333333338,-0.2366666666666663,2254.5666666666666,-1.0999999999999943,0.2066666666666634,5.295742451662059,-14.820547547644388,-3.059026281775093,33.70844193707544,-1.1328527291452053,0.2961123316458068,28,Resting HR slightly increased; HRV slightly decreased; SpO2 slightly decreased,Moderate,0.0,10.0,12.666666666666666,15.333333333333334,Stable
PATIENT_005,2026-09-11,63.8,67.7,7.6,8025,95.2,68.5,0,61,male,32.2,0,0,0,0,204.3,70.41428571428573,66.81428571428572,7.528571428571429,7174.285714285715,96.8142857142857,69.61428571428571,69.99333333333334,68.91333333333334,7.736666666666666,6688.433333333333,97.1,69.79333333333334,-6.193333333333342,-1.2133333333333385,-0.1366666666666667,1336.5666666666666,-1.899999999999992,-1.2933333333333366,-8.848461758262703,-1.7606655702815202,-1.766479965532099,19.98325467349105,-1.956745623068992,-1.8530900754608888,10,SpO2 slightly decreased,Low,28.0,0.0,12.666666666666666,-2.666666666666666,Stable
PATIENT_005,2026-09-12,67.6,68.6,7.2,6980,96.5,69.2,0,61,male,32.2,0,0,0,0,204.3,70.14285714285714,67.52857142857144,7.642857142857143,7242.428571428572,96.82857142857142,69.54285714285714,69.99333333333334,68.91333333333334,7.736666666666666,6688.433333333333,97.1,69.79333333333334,-2.393333333333345,-0.3133333333333468,-0.5366666666666662,291.5666666666666,-0.5999999999999943,-0.5933333333333337,-3.419373273645126,-0.4546773725452454,-6.936665230504087,4.359266993266982,-0.6179196704428366,-0.8501289521444269,0,,Low,10.0,28.0,12.666666666666666,-12.666666666666666,Improving
PATIENT_005,2026-09-13,66.8,70.1,8.1,8633,96.9,69.3,0,61,male,32.2,0,0,0,0,204.3,68.94285714285714,65.91428571428573,7.742857142857142,7513.857142857143,96.7,69.44285714285715,69.99333333333334,68.91333333333334,7.736666666666666,6688.433333333333,97.1,69.79333333333334,-3.1933333333333422,1.1866666666666532,0.3633333333333333,1944.5666666666664,-0.1999999999999886,-0.4933333333333394,-4.562339270406718,1.7219696236818995,4.696251615682895,29.073574778348693,-0.2059732234809357,-0.7068487916706554,0,,Low,0.0,10.0,3.3333333333333335,-3.3333333333333335,Stable
PATIENT_005,2026-09-14,69.5,66.3,7.7,5638,97.6,69.0,0,61,male,32.2,0,0,0,0,204.3,69.14285714285714,65.75714285714285,7.557142857142858,7306.0,96.78571428571428,69.37142857142858,69.99333333333334,68.91333333333334,7.736666666666666,6688.433333333333,97.1,69.79333333333334,-0.4933333333333394,-2.613333333333344,-0.0366666666666661,-1050.4333333333334,0.5,-0.7933333333333366,-0.7048290313363264,-3.792202766760197,-0.4739336492890932,-15.705222448704978,0.5149330587023687,-1.1366892730919904,8,Activity slightly decreased,Low,0.0,0.0,2.6666666666666665,5.333333333333334,Stable
PATIENT_005,2026-09-15,66.5,57.2,8.4,7060,98.2,69.6,0,61,male,32.2,0,0,0,0,204.3,68.48571428571428,65.18571428571428,7.671428571428572,7452.571428571428,96.92857142857144,69.25714285714285,69.99333333333334,68.91333333333334,7.736666666666666,6688.433333333333,97.1,69.79333333333334,-3.4933333333333394,-11.713333333333338,0.663333333333334,371.5666666666666,1.1000000000000083,-0.1933333333333422,-4.990951519192312,-16.997194543871537,8.573890564411899,5.555361743906145,1.13285272914522,-0.2770083102493202,10,HRV slightly decreased,Low,8.0,0.0,6.0,4.0,Worsening
PATIENT_005,2026-09-16,64.2,60.8,8.2,6435,96.6,69.3,0,61,male,32.2,0,0,0,0,204.3,67.44285714285714,64.2,7.814285714285715,7387.714285714285,96.71428571428572,69.27142857142857,69.99333333333334,68.91333333333334,7.736666666666666,6688.433333333333,97.1,69.79333333333334,-5.7933333333333366,-8.113333333333344,0.4633333333333329,-253.4333333333334,-0.5,-0.4933333333333394,-8.276978759881898,-11.773241752926394,5.988797931925889,-3.789128495462316,-0.5149330587023687,-0.7068487916706554,10,HRV slightly decreased,Low,10.0,8.0,9.333333333333334,0.6666666666666661,Stable
PATIENT_005,2026-09-17,68.8,61.3,7.5,6722,95.6,69.7,0,61,male,32.2,0,0,0,0,204.3,66.74285714285715,64.57142857142857,7.814285714285715,7070.428571428572,96.65714285714286,69.22857142857143,69.99333333333334,68.91333333333334,7.736666666666666,6688.433333333333,97.1,69.79333333333334,-1.1933333333333422,-7.613333333333344,-0.2366666666666663,33.566666666666606,-1.5,-0.0933333333333337,-1.7049242785027272,-11.047692754184013,-3.059026281775093,0.5018614224556812,-1.544799176107106,-0.1337281497755282,20,HRV slightly decreased; SpO2 slightly decreased,Moderate,10.0,10.0,13.333333333333334,6.666666666666666,Stable
PATIENT_005,2026-09-18,66.9,77.5,7.0,5621,98.2,68.6,0,61,male,32.2,0,0,0,0,204.3,67.18571428571428,65.97142857142856,7.728571428571428,6727.0,97.08571428571427,69.24285714285715,69.99333333333334,68.91333333333334,7.736666666666666,6688.433333333333,97.1,69.79333333333334,-3.0933333333333337,8.586666666666659,-0.7366666666666664,-1067.4333333333334,1.1000000000000083,-1.1933333333333422,-4.419468520811506,12.460094805069156,-9.521757862990086,-15.9593925832158,1.13285272914522,-1.709809914987117,8,Activity slightly decreased,Low,20.0,10.0,12.666666666666666,-4.666666666666666,Stable
PATIENT_005,2026-09-19,67.4,72.5,7.5,5545,97.5,69.3,0,61,male,32.2,0,0,0,0,204.3,67.15714285714286,66.52857142857142,7.771428571428572,6522.0,97.22857142857144,69.25714285714285,69.99333333333334,68.91333333333334,7.736666666666666,6688.433333333333,97.1,69.79333333333334,-2.5933333333333337,3.586666666666659,-0.2366666666666663,-1143.4333333333334,0.4000000000000057,-0.4933333333333394,-3.705114772835509,5.20460481764534,-3.059026281775093,-17.095682596323005,0.4119464469619008,-0.7068487916706554,8,Activity slightly decreased,Low,8.0,20.0,12.0,-4.0,Stable
PATIENT_005,2026-09-20,73.2,72.5,9.5,5554,97.3,68.9,0,61,male,32.2,0,0,0,0,204.3,68.07142857142857,66.87142857142858,7.971428571428571,6082.142857142857,97.28571428571428,69.2,69.99333333333334,68.91333333333334,7.736666666666666,6688.433333333333,97.1,69.79333333333334,3.2066666666666634,3.586666666666659,1.7633333333333336,-1134.4333333333334,0.2000000000000028,-0.8933333333333309,4.58138870368606,5.20460481764534,22.79190004308488,-16.9611219368761,0.2059732234809504,-1.279969433565762,8,Activity slightly decreased,Low,8.0,8.0,8.0,0.0,Stable
PATIENT_005,2026-09-21,72.8,74.1,8.2,6423,96.8,68.4,0,61,male,32.2,0,0,0,0,204.3,68.54285714285714,67.98571428571428,8.042857142857143,6194.285714285715,97.17142857142858,69.11428571428571,69.99333333333334,68.91333333333334,7.736666666666666,6688.433333333333,97.1,69.79333333333334,2.8066666666666578,5.186666666666653,0.4633333333333329,-265.4333333333334,-0.2999999999999971,-1.3933333333333309,4.009905705305254,7.526361613620954,5.988797931925889,-3.968542708058191,-0.3089598352214183,-1.996370235934661,0,,Low,8.0,8.0,5.333333333333333,-5.333333333333333,Stable
PATIENT_005,2026-09-22,74.5,71.9,7.6,8134,97.9,69.9,0,61,male,32.2,0,0,0,0,204.3,69.68571428571428,70.08571428571429,7.928571428571429,6347.714285714285,97.12857142857142,69.15714285714286,69.99333333333334,68.91333333333334,7.736666666666666,6688.433333333333,97.1,69.79333333333334,4.506666666666661,2.9866666666666646,-0.1366666666666667,1445.5666666666666,0.8000000000000114,0.1066666666666691,6.438708448423649,4.3339460191544905,-1.766479965532099,21.61293377123691,0.8238928939238017,0.1528321711720352,8,Resting HR slightly increased,Low,0.0,8.0,5.333333333333333,2.666666666666667,Stable
PATIENT_005,2026-09-23,64.5,63.4,7.8,7556,98.0,68.9,0,61,male,32.2,0,0,0,0,204.3,69.72857142857143,70.45714285714286,7.871428571428571,6507.857142857143,97.32857142857142,69.10000000000001,69.99333333333334,68.91333333333334,7.736666666666666,6688.433333333333,97.1,69.79333333333334,-5.493333333333339,-5.513333333333343,0.0633333333333334,867.5666666666666,0.9000000000000057,-0.8933333333333309,-7.848366511096303,-8.00038695946601,0.8186126669539009,12.971149197868955,0.9268795056642696,-1.279969433565762,0,,Low,8.0,0.0,2.6666666666666665,-2.6666666666666665,Stable
PATIENT_005,2026-09-24,69.7,83.8,8.1,8071,97.4,69.8,0,61,male,32.2,0,0,0,0,204.3,69.85714285714286,73.67142857142856,7.957142857142856,6700.571428571428,97.58571428571427,69.11428571428571,69.99333333333334,68.91333333333334,7.736666666666666,6688.433333333333,97.1,69.79333333333334,-0.2933333333333365,14.886666666666656,0.3633333333333333,1382.5666666666666,0.3000000000000113,0.0066666666666606,-0.4190875321459232,21.60201218922316,4.696251615682895,20.671009155108568,0.3089598352214329,0.0095520106982432,0,,Low,0.0,8.0,2.6666666666666665,-2.6666666666666665,Stable
PATIENT_005,2026-09-25,74.7,69.1,8.5,6325,97.8,69.9,0,61,male,32.2,0,0,0,0,204.3,70.97142857142858,72.47142857142856,8.171428571428573,6801.142857142857,97.52857142857144,69.3,69.99333333333334,68.91333333333334,7.736666666666666,6688.433333333333,97.1,69.79333333333334,4.706666666666664,0.1866666666666532,0.7633333333333336,-363.4333333333334,0.7000000000000028,0.1066666666666691,6.724449947614053,0.2708716261971363,9.866436880654897,-5.433758777591166,0.7209062821833191,0.1528321711720352,8,Resting HR slightly increased,Low,0.0,0.0,2.6666666666666665,5.333333333333334,Stable
PATIENT_005,2026-09-26,68.1,76.0,7.3,6095,97.4,70.9,1,61,male,32.2,0,0,0,0,204.3,71.07142857142857,72.97142857142856,8.142857142857142,6879.714285714285,97.51428571428572,69.52857142857144,69.99333333333334,68.91333333333334,7.736666666666666,6688.433333333333,97.1,69.79333333333334,-1.893333333333345,7.086666666666659,-0.4366666666666665,-593.4333333333334,0.3000000000000113,1.1066666666666691,-2.705019525669128,10.283447808842013,-5.644118914261092,-8.87253118567876,0.3089598352214329,1.5856337759098325,0,,Low,8.0,0.0,2.6666666666666665,-2.6666666666666665,Stable
PATIENT_005,2026-09-27,72.3,74.9,7.3,6678,96.5,70.0,1,61,male,32.2,0,0,0,0,204.3,70.94285714285715,73.3142857142857,7.828571428571429,7040.285714285715,97.4,69.68571428571428,69.99333333333334,68.91333333333334,7.736666666666666,6688.433333333333,97.1,69.79333333333334,2.3066666666666578,5.986666666666665,-0.4366666666666665,-10.433333333333394,-0.5999999999999943,0.2066666666666634,3.295551957329256,8.687240011608779,-5.644118914261092,-0.1559906903958584,-0.6179196704428366,0.2961123316458068,0,,Low,0.0,8.0,2.6666666666666665,-2.6666666666666665,Stable
PATIENT_005,2026-09-28,74.8,68.1,8.6,6098,97.2,71.4,1,61,male,32.2,0,0,0,0,204.3,71.22857142857143,72.45714285714286,7.885714285714286,6993.857142857143,97.45714285714284,70.11428571428571,69.99333333333334,68.91333333333334,7.736666666666666,6688.433333333333,97.1,69.79333333333334,4.806666666666658,-0.8133333333333468,0.8633333333333333,-590.4333333333334,0.1000000000000085,1.6066666666666691,6.867320697209244,-1.180226371287627,11.15898319689789,-8.827677632529792,0.1029866117404825,2.302034578278731,8,Resting HR slightly increased,Low,0.0,0.0,2.6666666666666665,5.333333333333334,Stable
PATIENT_005,2026-09-29,71.4,57.7,8.5,6415,95.8,71.3,1,61,male,32.2,0,0,0,0,204.3,70.78571428571429,70.42857142857142,8.014285714285714,6748.285714285715,97.15714285714286,70.31428571428572,69.99333333333334,68.91333333333334,7.736666666666666,6688.433333333333,97.1,69.79333333333334,1.4066666666666665,-11.213333333333338,0.7633333333333336,-273.4333333333334,-1.2999999999999972,1.5066666666666606,2.0097152109724727,-16.271645545129154,9.866436880654897,-4.088152183122108,-1.338825952626156,2.158754417804939,20,HRV slightly decreased; SpO2 slightly decreased,Moderate,8.0,0.0,9.333333333333334,10.666666666666666,Worsening
PATIENT_005,2026-09-30,73.1,80.6,7.3,5120,96.7,71.2,1,61,male,32.2,0,0,0,0,204.3,72.01428571428572,72.88571428571429,7.942857142857143,6400.285714285715,96.97142857142856,70.64285714285715,69.99333333333334,68.91333333333334,7.736666666666666,6688.433333333333,97.1,69.79333333333334,3.106666666666655,11.686666666666651,-0.4366666666666665,-1568.4333333333334,-0.3999999999999915,1.4066666666666665,4.438517954090849,16.958498597271916,-5.644118914261092,-23.44993595909356,-0.4119464469618862,2.015474257331168,8,Activity slightly decreased,Low,20.0,8.0,12.0,-4.0,Stable
PATIENT_005,2026-10-01,73.2,58.3,7.1,3794,96.3,71.4,1,61,male,32.2,0,0,0,0,204.3,72.51428571428572,69.24285714285713,7.8,5789.285714285715,96.81428571428572,70.87142857142858,69.99333333333334,68.91333333333334,7.736666666666666,6688.433333333333,97.1,69.79333333333334,3.2066666666666634,-10.613333333333344,-0.6366666666666667,-2894.4333333333334,-0.7999999999999972,1.6066666666666691,4.58138870368606,-15.400986746638305,-8.229211546747091,-43.27520645093769,-0.8238928939237871,2.302034578278731,25,HRV slightly decreased; Activity decreased,Moderate,8.0,20.0,17.666666666666668,7.333333333333332,Stable
PATIENT_005,2026-10-02,74.8,63.6,7.0,5579,97.3,72.4,1,61,male,32.2,0,0,0,0,204.3,72.52857142857142,68.45714285714286,7.585714285714286,5682.714285714285,96.74285714285716,71.22857142857143,69.99333333333334,68.91333333333334,7.736666666666666,6688.433333333333,97.1,69.79333333333334,4.806666666666658,-5.31333333333334,-0.7366666666666664,-1109.4333333333334,0.2000000000000028,2.606666666666669,6.867320697209244,-7.710167359969051,-9.521757862990086,-16.587342327301364,0.2059732234809504,3.734836183016528,24,Resting HR slightly increased; Activity slightly decreased; Weight slightly increased,Moderate,25.0,8.0,19.0,5.0,Stable
PATIENT_006,2026-09-03,62.9,59.4,7.0,4854,98.0,88.6,0,42,female,28.6,1,0,0,0,224.6,62.9,59.4,7.0,4854.0,98.0,88.6,68.92333333333333,60.40333333333333,6.816666666666666,5275.166666666667,97.82,89.23,-6.023333333333333,-1.0033333333333303,0.1833333333333335,-421.16666666666697,0.1800000000000068,-0.6300000000000097,-8.739178797697926,-1.6610562330997138,2.689486552567241,-7.983949954187866,0.1840114496013155,-0.7060405693152635,0,,Low,,,0.0,0.0,Insufficient history
PATIENT_006,2026-09-04,71.2,51.5,6.6,5948,98.0,89.1,0,42,female,28.6,1,0,0,0,224.6,67.05,55.45,6.8,5401.0,98.0,88.85,68.92333333333333,60.40333333333333,6.816666666666666,5275.166666666667,97.82,89.23,2.276666666666671,-8.903333333333329,-0.2166666666666667,672.833333333333,0.1800000000000068,-0.1300000000000096,3.303187116119366,-14.739804646542678,-3.178484107579464,12.754731288110952,0.1840114496013155,-0.145690911128555,10,HRV slightly decreased,Low,0.0,,5.0,5.0,Insufficient history
PATIENT_006,2026-09-05,75.2,59.5,6.5,2769,98.9,89.0,0,42,female,28.6,1,0,0,0,224.6,69.76666666666667,56.8,6.7,4523.666666666667,98.3,88.89999999999999,68.92333333333333,60.40333333333333,6.816666666666666,5275.166666666667,97.82,89.23,6.276666666666671,-0.9033333333333288,-0.3166666666666664,-2506.166666666667,1.0800000000000125,-0.2300000000000039,9.1067369541036,-1.4955024557143572,-4.645476772616133,-47.50876749549778,1.104068697607864,-0.2577608427658903,23,Resting HR slightly increased; Activity decreased,Moderate,10.0,0.0,11.0,12.0,Worsening
PATIENT_006,2026-09-06,65.9,71.7,7.5,5637,96.6,89.4,0,42,female,28.6,1,0,0,0,224.6,68.80000000000001,60.525,6.9,4802.0,97.875,89.025,68.92333333333333,60.40333333333333,6.816666666666666,5275.166666666667,97.82,89.23,-3.0233333333333263,11.296666666666674,0.6833333333333336,361.833333333333,-1.2199999999999989,0.1700000000000017,-4.38651641920974,18.70205838529884,10.024449877750614,6.859182964203336,-1.2471887139644235,0.1905188837834828,10,SpO2 slightly decreased,Low,23.0,10.0,14.333333333333334,-4.333333333333334,Stable
PATIENT_006,2026-09-07,67.6,54.2,7.4,3396,98.0,89.4,0,42,female,28.6,1,0,0,0,224.6,68.56,59.260000000000005,7.0,4520.8,97.9,89.1,68.92333333333333,60.40333333333333,6.816666666666666,5275.166666666667,97.82,89.23,-1.3233333333333377,-6.203333333333326,0.5833333333333339,-1879.166666666667,0.1800000000000068,0.1700000000000017,-1.9200077380664569,-10.269852657138117,8.557457212713945,-35.62288711257149,0.1840114496013155,0.1905188837834828,25,HRV slightly decreased; Activity decreased,Moderate,10.0,23.0,19.333333333333332,5.666666666666668,Stable
PATIENT_006,2026-09-08,75.6,64.7,5.5,4693,97.7,89.3,0,42,female,28.6,1,0,0,0,224.6,69.73333333333333,60.16666666666666,6.75,4549.5,97.86666666666667,89.13333333333333,68.92333333333333,60.40333333333333,6.816666666666666,5275.166666666667,97.82,89.23,6.676666666666662,4.296666666666674,-1.3166666666666664,-582.166666666667,-0.1199999999999903,0.0699999999999931,9.68709193790201,7.113293968324057,-19.31540342298288,-11.035986224763835,-0.1226742997341958,0.0784489521461315,23,Resting HR slightly increased; Sleep decreased,Moderate,25.0,10.0,19.333333333333332,3.666666666666668,Stable
PATIENT_006,2026-09-09,72.4,48.7,6.6,6499,98.7,90.1,0,42,female,28.6,1,0,0,0,224.6,70.11428571428571,58.52857142857143,6.728571428571429,4828.0,97.98571428571428,89.27142857142857,68.92333333333333,60.40333333333333,6.816666666666666,5275.166666666667,97.82,89.23,3.4766666666666737,-11.703333333333326,-0.2166666666666667,1223.833333333333,0.8800000000000097,0.8699999999999903,5.04425206751464,-19.375310413332585,-3.178484107579464,23.199898897349208,0.8996115313841849,0.975008405244862,18,Resting HR slightly increased; HRV slightly decreased,Low,23.0,25.0,22.0,-4.0,Improving
PATIENT_006,2026-09-10,68.3,70.1,7.8,6727,98.1,89.6,0,42,female,28.6,1,0,0,0,224.6,70.88571428571429,60.057142857142864,6.842857142857143,5095.571428571428,98.0,89.41428571428571,68.92333333333333,60.40333333333333,6.816666666666666,5275.166666666667,97.82,89.23,-0.6233333333333348,9.696666666666664,0.9833333333333334,1451.833333333333,0.2800000000000011,0.3699999999999903,-0.904386516419212,16.05319794713316,14.425427872860638,27.52203721841332,0.2862400327131478,0.4146587470581535,0,,Low,18.0,23.0,13.666666666666666,-13.666666666666666,Improving
PATIENT_006,2026-09-11,67.1,52.3,7.4,5182,97.6,88.9,0,42,female,28.6,1,0,0,0,224.6,70.3,60.17142857142858,6.957142857142856,4986.142857142857,97.94285714285716,89.38571428571427,68.92333333333333,60.40333333333333,6.816666666666666,5275.166666666667,97.82,89.23,-1.8233333333333377,-8.103333333333332,0.5833333333333339,-93.16666666666696,-0.2199999999999988,-0.3299999999999983,-2.6454514678144863,-13.41537442745985,8.557457212713945,-1.7661369309026629,-0.2249028828460426,-0.3698307744032257,10,HRV slightly decreased,Low,0.0,18.0,9.333333333333334,0.6666666666666661,Stable
PATIENT_006,2026-09-12,68.2,64.1,6.2,5597,97.8,89.1,0,42,female,28.6,1,0,0,0,224.6,69.3,60.82857142857143,6.914285714285714,5390.142857142857,97.78571428571428,89.4,68.92333333333333,60.40333333333333,6.816666666666666,5275.166666666667,97.82,89.23,-0.7233333333333292,3.6966666666666654,-0.6166666666666663,321.83333333333303,-0.019999999999996,-0.1300000000000096,-1.0494752623688095,6.119971304011918,-9.046454767726155,6.100913083314897,-0.0204457166223635,-0.145690911128555,0,,Low,10.0,0.0,3.3333333333333335,-3.3333333333333335,Stable
PATIENT_006,2026-09-13,67.2,67.9,7.9,4927,98.5,89.6,0,42,female,28.6,1,0,0,0,224.6,69.4857142857143,60.285714285714285,6.971428571428571,5288.714285714285,98.05714285714284,89.42857142857143,68.92333333333333,60.40333333333333,6.816666666666666,5275.166666666667,97.82,89.23,-1.7233333333333292,7.496666666666677,1.083333333333334,-348.16666666666697,0.6800000000000068,0.3699999999999903,-2.500362721864868,12.411014844655387,15.89242053789732,-6.600107421566465,0.6951543651605059,0.4146587470581535,0,,Low,0.0,10.0,3.3333333333333335,-3.3333333333333335,Stable
PATIENT_006,2026-09-14,61.5,57.1,6.4,6310,97.8,89.4,0,42,female,28.6,1,0,0,0,224.6,68.61428571428571,60.7,6.828571428571428,5705.0,98.02857142857144,89.42857142857143,68.92333333333333,60.40333333333333,6.816666666666666,5275.166666666667,97.82,89.23,-7.423333333333332,-3.3033333333333275,-0.4166666666666661,1034.833333333333,-0.019999999999996,0.1700000000000017,-10.770421240992404,-5.468793112962851,-6.112469437652803,19.61707371015133,-0.0204457166223635,0.1905188837834828,0,,Low,0.0,0.0,0.0,0.0,Stable
PATIENT_006,2026-09-15,71.3,56.1,6.3,4306,97.5,89.1,0,42,female,28.6,1,0,0,0,224.6,68.0,59.471428571428575,6.942857142857143,5649.714285714285,98.0,89.4,68.92333333333333,60.40333333333333,6.816666666666666,5275.166666666667,97.82,89.23,2.376666666666665,-4.303333333333328,-0.5166666666666666,-969.166666666667,-0.3199999999999932,-0.1300000000000096,3.4482758620689635,-7.124330886816392,-7.579462102689486,-18.372247322359488,-0.3271314659578749,-0.145690911128555,8,Activity slightly decreased,Low,0.0,0.0,2.6666666666666665,5.333333333333334,Stable
PATIENT_006,2026-09-16,69.9,57.3,7.3,6446,98.7,89.5,0,42,female,28.6,1,0,0,0,224.6,67.64285714285714,60.7,7.042857142857143,5642.142857142857,98.0,89.31428571428572,68.92333333333333,60.40333333333333,6.816666666666666,5275.166666666667,97.82,89.23,0.9766666666666736,-3.103333333333332,0.4833333333333334,1170.833333333333,0.8800000000000097,0.269999999999996,1.417033418774494,-5.137685558192151,7.090464547677263,22.195191305172028,0.8996115313841849,0.3025888154208181,0,,Low,8.0,0.0,2.6666666666666665,-2.6666666666666665,Stable
PATIENT_006,2026-09-17,70.0,67.1,7.1,4877,98.5,90.0,0,42,female,28.6,1,0,0,0,224.6,67.88571428571429,60.271428571428565,6.942857142857143,5377.857142857143,98.05714285714284,89.37142857142858,68.92333333333333,60.40333333333333,6.816666666666666,5275.166666666667,97.82,89.23,1.076666666666668,6.696666666666665,0.2833333333333332,-398.16666666666697,0.6800000000000068,0.769999999999996,1.5621221647240917,11.08658462557254,4.15647921760391,-7.547944772677013,0.6951543651605059,0.8629384736075265,0,,Low,0.0,8.0,2.6666666666666665,-2.6666666666666665,Stable
PATIENT_006,2026-09-18,75.4,62.7,7.0,5945,97.6,89.5,0,42,female,28.6,1,0,0,0,224.6,69.07142857142857,61.75714285714286,6.885714285714286,5486.857142857143,98.05714285714284,89.45714285714287,68.92333333333333,60.40333333333333,6.816666666666666,5275.166666666667,97.82,89.23,6.476666666666674,2.296666666666674,0.1833333333333335,669.833333333333,-0.2199999999999988,0.269999999999996,9.396914446002816,3.802218420616976,2.689486552567241,12.69786104704432,-0.2249028828460426,0.3025888154208181,8,Resting HR slightly increased,Low,0.0,0.0,2.6666666666666665,5.333333333333334,Stable
PATIENT_006,2026-09-19,69.1,61.1,7.8,5693,97.7,89.6,0,42,female,28.6,1,0,0,0,224.6,69.2,61.32857142857143,7.114285714285714,5500.571428571428,98.04285714285712,89.52857142857142,68.92333333333333,60.40333333333333,6.816666666666666,5275.166666666667,97.82,89.23,0.1766666666666623,0.6966666666666725,0.9833333333333334,417.833333333333,-0.1199999999999903,0.3699999999999903,0.2563234511776306,1.1533579824513094,14.425427872860638,7.920760797447151,-0.1226742997341958,0.4146587470581535,0,,Low,8.0,0.0,2.6666666666666665,-2.6666666666666665,Stable
PATIENT_006,2026-09-20,69.9,64.5,6.7,4308,97.6,88.6,0,42,female,28.6,1,0,0,0,224.6,69.58571428571429,60.84285714285714,6.942857142857143,5412.142857142857,97.91428571428573,89.38571428571427,68.92333333333333,60.40333333333333,6.816666666666666,5275.166666666667,97.82,89.23,0.9766666666666736,4.096666666666671,-0.1166666666666662,-967.166666666667,-0.2199999999999988,-0.6300000000000097,1.417033418774494,6.782186413553344,-1.7114914425427812,-18.334333828315067,-0.2249028828460426,-0.7060405693152635,8,Activity slightly decreased,Low,0.0,8.0,5.333333333333333,2.666666666666667,Stable
PATIENT_006,2026-09-21,70.1,54.2,7.3,6278,97.8,89.1,0,42,female,28.6,1,0,0,0,224.6,70.81428571428572,60.42857142857143,7.071428571428571,5407.571428571428,97.91428571428573,89.34285714285714,68.92333333333333,60.40333333333333,6.816666666666666,5275.166666666667,97.82,89.23,1.1766666666666623,-6.203333333333326,0.4833333333333334,1002.833333333333,-0.019999999999996,-0.1300000000000096,1.7072109106736892,-10.269852657138117,7.090464547677263,19.010457805440577,-0.0204457166223635,-0.145690911128555,10,HRV slightly decreased,Low,8.0,0.0,6.0,4.0,Worsening
PATIENT_006,2026-09-22,70.7,48.7,6.1,5380,97.9,89.1,0,42,female,28.6,1,0,0,0,224.6,70.72857142857143,59.371428571428574,7.042857142857143,5561.0,97.97142857142858,89.34285714285714,68.92333333333333,60.40333333333333,6.816666666666666,5275.166666666667,97.82,89.23,1.7766666666666708,-11.703333333333326,-0.7166666666666668,104.83333333333304,0.0800000000000125,-0.1300000000000096,2.5777433863713366,-19.375310413332585,-10.513447432762838,1.9872989794951128,0.0817828664894832,-0.145690911128555,18,HRV slightly decreased; Sleep slightly decreased,Low,10.0,8.0,12.0,6.0,Worsening
PATIENT_006,2026-09-23,66.4,63.4,6.5,4460,97.8,89.0,0,42,female,28.6,1,0,0,0,224.6,70.22857142857143,60.24285714285715,6.928571428571429,5277.285714285715,97.84285714285714,89.27142857142857,68.92333333333333,60.40333333333333,6.816666666666666,5275.166666666667,97.82,89.23,-2.5233333333333263,2.9966666666666697,-0.3166666666666664,-815.166666666667,-0.019999999999996,-0.2300000000000039,-3.661072689461711,4.961094862314447,-4.645476772616133,-15.452908280938995,-0.0204457166223635,-0.2577608427658903,8,Activity slightly decreased,Low,18.0,10.0,12.0,-4.0,Stable
PATIENT_006,2026-09-24,73.0,67.1,7.2,5850,97.0,88.7,0,42,female,28.6,1,0,0,0,224.6,70.65714285714286,60.24285714285715,6.942857142857143,5416.285714285715,97.62857142857142,89.08571428571427,68.92333333333333,60.40333333333333,6.816666666666666,5275.166666666667,97.82,89.23,4.076666666666668,6.696666666666665,0.3833333333333337,574.833333333333,-0.8199999999999932,-0.5300000000000011,5.914784543212267,11.08658462557254,5.623471882640593,10.896970079934276,-0.8382743815170653,-0.5939706376779122,8,Resting HR slightly increased,Low,8.0,18.0,11.333333333333334,-3.333333333333334,Stable
PATIENT_006,2026-09-25,65.0,82.6,6.1,5319,97.4,89.0,0,42,female,28.6,1,0,0,0,224.6,69.17142857142858,63.08571428571429,6.814285714285715,5326.857142857143,97.6,89.0142857142857,68.92333333333333,60.40333333333333,6.816666666666666,5275.166666666667,97.82,89.23,-3.923333333333332,22.196666666666665,-0.7166666666666668,43.83333333333303,-0.4199999999999875,-0.2300000000000039,-5.692315132756201,36.74742012030241,-10.513447432762838,0.8309374111402426,-0.4293600490697071,-0.2577608427658903,8,Sleep slightly decreased,Low,8.0,8.0,8.0,0.0,Stable
PATIENT_006,2026-09-26,67.7,49.3,6.2,4138,97.5,88.8,0,42,female,28.6,1,0,0,0,224.6,68.97142857142858,61.4,6.585714285714286,5104.714285714285,97.57142857142856,88.9,68.92333333333333,60.40333333333333,6.816666666666666,5275.166666666667,97.82,89.23,-1.2233333333333292,-11.103333333333332,-0.6166666666666663,-1137.166666666667,-0.3199999999999932,-0.4300000000000068,-1.774918992116839,-18.381987749020475,-9.046454767726155,-21.55698082209093,-0.3271314659578749,-0.4819007060405769,18,HRV slightly decreased; Activity slightly decreased,Low,8.0,8.0,11.333333333333334,6.666666666666666,Stable
PATIENT_006,2026-09-27,67.4,63.9,6.4,6461,97.3,89.3,0,42,female,28.6,1,0,0,0,224.6,68.61428571428573,61.31428571428571,6.542857142857143,5412.285714285715,97.52857142857144,89.0,68.92333333333333,60.40333333333333,6.816666666666666,5275.166666666667,97.82,89.23,-1.5233333333333263,3.4966666666666697,-0.4166666666666661,1185.833333333333,-0.519999999999996,0.0699999999999931,-2.2101852299656524,5.788863749241218,-6.112469437652803,22.47954251050519,-0.5315886321815539,0.0784489521461315,0,,Low,18.0,8.0,8.666666666666666,-8.666666666666666,Stable
PATIENT_006,2026-09-28,65.5,67.0,6.5,5937,97.8,89.1,0,42,female,28.6,1,0,0,0,224.6,67.95714285714287,63.142857142857146,6.428571428571429,5363.571428571428,97.52857142857142,89.0,68.92333333333333,60.40333333333333,6.816666666666666,5275.166666666667,97.82,89.23,-3.423333333333332,6.596666666666671,-0.3166666666666664,661.833333333333,-0.019999999999996,-0.1300000000000096,-4.966871403008172,10.921030848187192,-4.645476772616133,12.546207070866632,-0.0204457166223635,-0.145690911128555,0,,Low,0.0,18.0,6.0,-6.0,Stable
PATIENT_006,2026-09-29,70.1,59.7,7.6,6463,98.0,88.6,0,42,female,28.6,1,0,0,0,224.6,67.87142857142858,64.71428571428571,6.642857142857143,5518.285714285715,97.54285714285712,88.92857142857143,68.92333333333333,60.40333333333333,6.816666666666666,5275.166666666667,97.82,89.23,1.1766666666666623,-0.703333333333326,0.7833333333333332,1187.833333333333,0.1800000000000068,-0.6300000000000097,1.7072109106736892,-1.1643949009436445,11.491442542787285,22.51745600454961,0.1840114496013155,-0.7060405693152635,0,,Low,0.0,0.0,0.0,0.0,Stable
PATIENT_006,2026-09-30,66.1,57.8,6.6,5977,97.0,89.7,0,42,female,28.6,1,0,0,0,224.6,67.82857142857144,63.91428571428571,6.6571428571428575,5735.0,97.42857142857144,89.02857142857142,68.92333333333333,60.40333333333333,6.816666666666666,5275.166666666667,97.82,89.23,-2.8233333333333377,-2.603333333333332,-0.2166666666666667,701.833333333333,-0.8199999999999932,0.4699999999999988,-4.096338927310544,-4.3099166712653805,-3.178484107579464,13.304476951755074,-0.8382743815170653,0.5267286786955047,0,,Low,0.0,0.0,0.0,0.0,Stable
PATIENT_006,2026-10-01,69.4,48.3,6.5,2943,97.1,88.9,0,42,female,28.6,1,0,0,0,224.6,67.31428571428572,61.22857142857142,6.557142857142857,5319.714285714285,97.44285714285716,89.05714285714285,68.92333333333333,60.40333333333333,6.816666666666666,5275.166666666667,97.82,89.23,0.4766666666666737,-12.103333333333332,-0.3166666666666664,-2332.166666666667,-0.7199999999999989,-0.3299999999999983,0.6915896890264647,-20.037525522874013,-4.645476772616133,-44.21029351363306,-0.736045798405233,-0.3698307744032257,35,HRV decreased; Activity decreased,Moderate,0.0,0.0,11.666666666666666,23.333333333333336,Stable
PATIENT_006,2026-10-02,67.6,60.1,6.5,4935,98.7,89.8,0,42,female,28.6,1,0,0,0,224.6,67.6857142857143,58.01428571428571,6.614285714285714,5264.857142857143,97.62857142857143,89.17142857142858,68.92333333333333,60.40333333333333,6.816666666666666,5275.166666666667,97.82,89.23,-1.3233333333333377,-0.3033333333333274,-0.3166666666666664,-340.16666666666697,0.8800000000000097,0.5699999999999932,-1.9200077380664569,-0.5021797914022308,-4.645476772616133,-6.448453445388777,0.8996115313841849,0.63879861033284,0,,Low,35.0,0.0,11.666666666666666,-11.666666666666666,Stable
PATIENT_007,2026-09-03,72.2,54.1,7.3,8049,99.7,88.8,0,63,male,31.3,1,0,0,0,238.7,72.2,54.1,7.3,8049.0,99.7,88.8,72.45666666666666,59.39333333333333,7.1033333333333335,7658.1,98.34333333333332,89.52333333333333,-0.2566666666666606,-5.2933333333333294,0.1966666666666663,390.8999999999997,1.3566666666666691,-0.7233333333333292,-0.3542347150020619,-8.912335840161628,2.768653214453304,5.104399263524891,1.3795207267057612,-0.8079830211862784,0,,Low,,,0.0,0.0,Insufficient history
PATIENT_007,2026-09-04,70.3,67.3,7.2,7407,98.5,89.3,0,63,male,31.3,1,0,0,0,238.7,71.25,60.7,7.25,7728.0,99.1,89.05,72.45666666666666,59.39333333333333,7.1033333333333335,7658.1,98.34333333333332,89.52333333333333,-2.1566666666666663,7.906666666666666,0.0966666666666666,-251.1000000000004,0.1566666666666663,-0.2233333333333291,-2.9764916961862258,13.312380738578966,1.3608634443923042,-3.278881184628045,0.1593058333050872,-0.2494694120713361,0,,Low,0.0,,0.0,0.0,Insufficient history
PATIENT_007,2026-09-05,73.2,56.3,7.1,8552,98.4,89.1,0,63,male,31.3,1,0,0,0,238.7,71.89999999999999,59.23333333333333,7.2,8002.666666666667,98.86666666666667,89.06666666666666,72.45666666666666,59.39333333333333,7.1033333333333335,7658.1,98.34333333333332,89.52333333333333,0.7433333333333394,-3.0933333333333337,-0.0033333333333338,893.8999999999996,0.0566666666666719,-0.423333333333332,1.0259005382527573,-5.208216410371536,-0.0469263256687074,11.672608088168078,0.057621258855037,-0.4728748557173162,0,,Low,0.0,0.0,0.0,0.0,Stable
PATIENT_007,2026-09-06,70.5,58.0,6.9,8670,97.8,89.8,0,63,male,31.3,1,0,0,0,238.7,71.55,58.925,7.125,8169.5,98.6,89.25,72.45666666666666,59.39333333333333,7.1033333333333335,7658.1,98.34333333333332,89.52333333333333,-1.956666666666664,-1.3933333333333309,-0.2033333333333331,1011.8999999999996,-0.5433333333333366,0.2766666666666708,-2.7004646455352583,-2.345942305533726,-2.862505865790706,13.213460257766284,-0.5524861878453071,0.309044197043606,0,,Low,0.0,0.0,0.0,0.0,Stable
PATIENT_007,2026-09-07,71.2,53.9,7.5,8396,99.1,89.8,0,63,male,31.3,1,0,0,0,238.7,71.47999999999999,57.92,7.2,8214.8,98.7,89.35999999999999,72.45666666666666,59.39333333333333,7.1033333333333335,7658.1,98.34333333333332,89.52333333333333,-1.2566666666666606,-5.493333333333332,0.3966666666666665,737.8999999999996,0.7566666666666606,0.2766666666666708,-1.7343699682568807,-9.249073970142552,5.584232754575314,9.635549287682318,0.769413280005417,0.309044197043606,0,,Low,0.0,0.0,0.0,0.0,Stable
PATIENT_007,2026-09-08,69.4,57.9,7.0,7248,98.0,89.4,0,63,male,31.3,1,0,0,0,238.7,71.13333333333334,57.91666666666666,7.166666666666667,8053.666666666667,98.58333333333331,89.36666666666667,72.45666666666666,59.39333333333333,7.1033333333333335,7658.1,98.34333333333332,89.52333333333333,-3.0566666666666578,-1.4933333333333323,-0.1033333333333335,-410.1000000000004,-0.3433333333333337,-0.1233333333333206,-4.218613424115551,-2.5143113705241875,-1.4547160957297067,-5.355114192815455,-0.3491170389451924,-0.1377666902483382,0,,Low,0.0,0.0,0.0,0.0,Stable
PATIENT_007,2026-09-09,70.6,59.4,6.9,8577,98.2,88.7,0,63,male,31.3,1,0,0,0,238.7,71.05714285714285,58.12857142857143,7.128571428571428,8128.428571428572,98.52857142857144,89.27142857142857,72.45666666666666,59.39333333333333,7.1033333333333335,7658.1,98.34333333333332,89.52333333333333,-1.856666666666669,0.0066666666666677,-0.2033333333333331,918.8999999999996,-0.1433333333333308,-0.8233333333333235,-2.562451120209784,0.011224604332699,-2.862505865790706,11.999059819015155,-0.1457478900450776,-0.9196857430092604,0,,Low,0.0,0.0,0.0,0.0,Stable
PATIENT_007,2026-09-10,70.1,61.0,6.7,9056,99.1,89.3,0,63,male,31.3,1,0,0,0,238.7,70.75714285714285,59.11428571428571,7.042857142857144,8272.285714285714,98.44285714285714,89.34285714285716,72.45666666666666,59.39333333333333,7.1033333333333335,7658.1,98.34333333333332,89.52333333333333,-2.356666666666669,1.6066666666666691,-0.4033333333333333,1397.8999999999996,0.7566666666666606,-0.2233333333333291,-3.2525187468371937,2.705129644180047,-5.678085405912717,18.253874982045147,0.769413280005417,-0.2494694120713361,0,,Low,0.0,0.0,0.0,0.0,Stable
PATIENT_007,2026-09-11,70.9,66.6,7.3,9120,99.7,89.3,0,63,male,31.3,1,0,0,0,238.7,70.84285714285714,59.01428571428572,7.057142857142857,8517.0,98.61428571428571,89.34285714285714,72.45666666666666,59.39333333333333,7.1033333333333335,7658.1,98.34333333333332,89.52333333333333,-1.5566666666666578,7.206666666666663,0.1966666666666663,1461.8999999999996,1.3566666666666691,-0.2233333333333291,-2.1484105442333226,12.133797283645746,2.768653214453304,19.089591413013665,1.3795207267057612,-0.2494694120713361,0,,Low,0.0,0.0,0.0,0.0,Stable
PATIENT_007,2026-09-12,71.8,69.0,7.2,7101,99.2,88.5,0,63,male,31.3,1,0,0,0,238.7,70.64285714285714,60.82857142857142,7.071428571428571,8309.714285714286,98.72857142857144,89.25714285714285,72.45666666666666,59.39333333333333,7.1033333333333335,7658.1,98.34333333333332,89.52333333333333,-0.6566666666666663,9.60666666666667,0.0966666666666666,-557.1000000000004,0.8566666666666691,-1.0233333333333263,-0.9062888163039974,16.174654843416775,1.3608634443923042,-7.274650370196268,0.8710978544554816,-1.1430911866552405,0,,Low,0.0,0.0,0.0,0.0,Stable
PATIENT_007,2026-09-13,75.9,69.0,7.5,8280,99.8,88.8,0,63,male,31.3,1,0,0,0,238.7,71.41428571428573,62.39999999999999,7.1571428571428575,8254.0,99.01428571428572,89.11428571428571,72.45666666666666,59.39333333333333,7.1033333333333335,7658.1,98.34333333333332,89.52333333333333,3.4433333333333422,9.60666666666667,0.3966666666666665,621.8999999999996,1.4566666666666634,-0.7233333333333292,4.7522657220407725,16.174654843416775,5.584232754575314,8.120813256551882,1.4812053011558115,-0.8079830211862784,0,,Low,0.0,0.0,0.0,0.0,Stable
PATIENT_007,2026-09-14,67.0,58.7,7.2,7222,98.6,89.3,0,63,male,31.3,1,0,0,0,238.7,70.81428571428572,63.08571428571428,7.114285714285714,8086.285714285715,98.94285714285716,89.04285714285716,72.45666666666666,59.39333333333333,7.1033333333333335,7658.1,98.34333333333332,89.52333333333333,-5.456666666666664,-0.693333333333328,0.0966666666666666,-436.1000000000004,0.2566666666666606,-0.2233333333333291,-7.530938031927124,-1.1673588506005077,1.3608634443923042,-5.694623992896415,0.2609904077551374,-0.2494694120713361,0,,Low,0.0,0.0,0.0,0.0,Stable
PATIENT_007,2026-09-15,68.1,74.1,6.5,6952,98.8,89.1,0,63,male,31.3,1,0,0,0,238.7,70.62857142857142,65.39999999999999,7.042857142857143,8044.0,99.05714285714284,89.0,72.45666666666666,59.39333333333333,7.1033333333333335,7658.1,98.34333333333332,89.52333333333333,-4.356666666666669,14.706666666666663,-0.6033333333333335,-706.1000000000004,0.4566666666666634,-0.423333333333332,-6.012789253346831,24.76147715793018,-8.493664946034727,-9.220302686044846,0.4643595566552521,-0.4728748557173162,0,,Low,0.0,0.0,0.0,0.0,Stable
PATIENT_007,2026-09-16,71.8,58.5,6.7,7583,98.1,89.5,0,63,male,31.3,1,0,0,0,238.7,70.8,65.27142857142857,7.014285714285714,7902.0,99.04285714285712,89.11428571428571,72.45666666666666,59.39333333333333,7.1033333333333335,7658.1,98.34333333333332,89.52333333333333,-0.6566666666666663,-0.8933333333333309,-0.4033333333333333,-75.10000000000036,-0.2433333333333394,-0.0233333333333263,-0.9062888163039974,-1.5040969805814304,-5.678085405912717,-0.980660999464624,-0.2474324644951422,-0.0260639684253561,0,,Low,0.0,0.0,0.0,0.0,Stable
PATIENT_007,2026-09-17,69.1,68.2,7.7,9269,99.2,89.6,0,63,male,31.3,1,0,0,0,238.7,70.65714285714286,66.3,7.1571428571428575,7932.428571428572,99.05714285714286,89.15714285714286,72.45666666666666,59.39333333333333,7.1033333333333335,7658.1,98.34333333333332,89.52333333333333,-3.356666666666669,8.806666666666672,0.5966666666666667,1610.8999999999996,0.8566666666666691,0.0766666666666679,-4.632654000092012,14.827702323493105,8.399812294697325,21.035243728862245,0.8710978544554816,0.0856387533976259,0,,Low,0.0,0.0,0.0,0.0,Stable
PATIENT_007,2026-09-18,72.8,59.3,7.2,6399,98.7,88.9,0,63,male,31.3,1,0,0,0,238.7,70.92857142857143,65.25714285714285,7.142857142857143,7543.714285714285,98.91428571428573,89.1,72.45666666666666,59.39333333333333,7.1033333333333335,7658.1,98.34333333333332,89.52333333333333,0.3433333333333337,-0.0933333333333337,0.0966666666666666,-1259.1000000000004,0.3566666666666691,-0.6233333333333206,0.4738464369508217,-0.1571444606577624,1.3608634443923042,-16.441414972382187,0.3626749822052019,-0.6962802993632803,8,Activity slightly decreased,Low,0.0,0.0,2.6666666666666665,5.333333333333334,Stable
PATIENT_007,2026-09-19,71.7,66.6,6.5,7215,98.3,89.0,0,63,male,31.3,1,0,0,0,238.7,70.91428571428571,64.91428571428571,7.042857142857143,7560.0,98.78571428571428,89.17142857142856,72.45666666666666,59.39333333333333,7.1033333333333335,7658.1,98.34333333333332,89.52333333333333,-0.7566666666666606,7.206666666666663,-0.6033333333333335,-443.1000000000004,-0.0433333333333365,-0.5233333333333263,-1.0443023416294712,12.133797283645746,-8.493664946034727,-5.786030477533596,-0.0440633155950275,-0.5845775775402983,0,,Low,8.0,0.0,2.6666666666666665,-2.6666666666666665,Stable
PATIENT_007,2026-09-20,71.0,54.8,7.4,6540,97.0,89.6,0,63,male,31.3,1,0,0,0,238.7,70.21428571428571,62.88571428571428,7.028571428571429,7311.428571428572,98.38571428571429,89.28571428571429,72.45666666666666,59.39333333333333,7.1033333333333335,7658.1,98.34333333333332,89.52333333333333,-1.4566666666666634,-4.593333333333334,0.2966666666666668,-1118.1000000000004,-1.3433333333333335,0.0766666666666679,-2.010397018907849,-7.7337523852284225,4.176442984514315,-14.600227210404674,-1.3659627834457515,0.0856387533976259,10,SpO2 slightly decreased,Low,0.0,8.0,6.0,4.0,Stable
PATIENT_007,2026-09-21,66.6,59.0,6.5,6820,98.3,89.0,0,63,male,31.3,1,0,0,0,238.7,70.15714285714286,62.92857142857143,6.928571428571429,7254.0,98.34285714285714,89.24285714285713,72.45666666666666,59.39333333333333,7.1033333333333335,7658.1,98.34333333333332,89.52333333333333,-5.856666666666669,-0.3933333333333308,-0.6033333333333335,-838.1000000000004,-0.0433333333333365,-0.5233333333333263,-8.082992133229059,-0.662251655629135,-8.493664946034727,-10.943967824917411,-0.0440633155950275,-0.5845775775402983,0,,Low,10.0,0.0,3.3333333333333335,-3.3333333333333335,Stable
PATIENT_007,2026-09-22,73.5,66.0,7.2,8987,99.3,89.4,0,63,male,31.3,1,0,0,0,238.7,70.92857142857143,61.771428571428565,7.028571428571428,7544.714285714285,98.41428571428573,89.28571428571429,72.45666666666666,59.39333333333333,7.1033333333333335,7658.1,98.34333333333332,89.52333333333333,1.0433333333333366,6.606666666666669,0.0966666666666666,1328.8999999999996,0.9566666666666634,-0.1233333333333206,1.439941114229199,11.123582893703002,1.3608634443923042,17.352868204907217,0.9727824289055318,-0.1377666902483382,0,,Low,0.0,10.0,3.3333333333333335,-3.3333333333333335,Stable
PATIENT_007,2026-09-23,69.3,70.0,8.4,8889,99.8,89.7,0,63,male,31.3,1,0,0,0,238.7,70.57142857142857,63.41428571428571,7.271428571428572,7731.285714285715,98.65714285714286,89.31428571428572,72.45666666666666,59.39333333333333,7.1033333333333335,7658.1,98.34333333333332,89.52333333333333,-3.1566666666666663,10.60666666666667,1.2966666666666669,1230.8999999999996,1.4566666666666634,0.1766666666666765,-4.356626949441045,17.858345493321366,18.25434068512436,16.073177419986674,1.4812053011558115,0.1973414752206239,0,,Low,0.0,0.0,0.0,0.0,Stable
PATIENT_007,2026-09-24,73.1,55.2,6.7,8179,97.4,88.9,0,63,male,31.3,1,0,0,0,238.7,71.14285714285714,61.55714285714286,7.128571428571428,7575.571428571428,98.4,89.21428571428571,72.45666666666666,59.39333333333333,7.1033333333333335,7658.1,98.34333333333332,89.52333333333333,0.6433333333333309,-4.193333333333328,-0.4033333333333333,520.8999999999996,-0.943333333333328,-0.6233333333333206,0.8878870129272635,-7.060276125266577,-5.678085405912717,6.80194826392969,-0.9592244856455222,-0.6962802993632803,0,,Low,0.0,0.0,0.0,0.0,Stable
PATIENT_007,2026-09-25,73.1,58.2,7.7,6878,98.2,89.7,0,63,male,31.3,1,0,0,0,238.7,71.18571428571428,61.39999999999999,7.200000000000001,7644.0,98.32857142857142,89.32857142857144,72.45666666666666,59.39333333333333,7.1033333333333335,7658.1,98.34333333333332,89.52333333333333,0.6433333333333309,-1.193333333333328,0.5966666666666667,-780.1000000000004,-0.1433333333333308,0.1766666666666765,0.8878870129272635,-2.009204175552803,8.399812294697325,-10.186599809352192,-0.1457478900450776,0.1973414752206239,0,,Low,0.0,0.0,0.0,0.0,Stable
PATIENT_007,2026-09-26,72.6,62.4,8.2,9076,97.7,90.1,1,63,male,31.3,1,0,0,0,238.7,71.31428571428572,60.8,7.442857142857143,7909.857142857143,98.24285714285716,89.4857142857143,72.45666666666666,59.39333333333333,7.1033333333333335,7658.1,98.34333333333332,89.52333333333333,0.1433333333333308,3.006666666666668,1.0966666666666658,1417.8999999999996,-0.6433333333333309,0.576666666666668,0.197819386299854,5.062296554046472,15.438761145002331,18.51503636672281,-0.6541707622953573,0.644152362512568,0,,Low,0.0,0.0,0.0,0.0,Stable
PATIENT_007,2026-09-27,71.7,57.8,7.0,8402,97.3,90.0,1,63,male,31.3,1,0,0,0,238.7,71.41428571428571,61.22857142857142,7.385714285714285,8175.857142857143,98.28571428571428,89.54285714285716,72.45666666666666,59.39333333333333,7.1033333333333335,7658.1,98.34333333333332,89.52333333333333,-0.7566666666666606,-1.5933333333333335,-0.1033333333333335,743.8999999999996,-1.0433333333333366,0.4766666666666737,-1.0443023416294712,-2.6826804355146487,-1.4547160957297067,9.713897703085618,-1.0609090600955868,0.532449640689586,10,SpO2 slightly decreased,Low,0.0,0.0,3.3333333333333335,6.666666666666666,Stable
PATIENT_007,2026-09-28,76.6,61.1,6.7,7882,97.4,90.6,1,63,male,31.3,1,0,0,0,238.7,72.84285714285714,61.52857142857143,7.414285714285714,8327.57142857143,98.15714285714286,89.77142857142857,72.45666666666666,59.39333333333333,7.1033333333333335,7658.1,98.34333333333332,89.52333333333333,4.143333333333331,1.7066666666666706,-0.4033333333333333,223.89999999999964,-0.943333333333328,1.076666666666668,5.71836039931913,2.8734987091705086,-5.678085405912717,2.9237017014664164,-0.9592244856455222,1.20266597162751,8,Resting HR slightly increased,Low,10.0,0.0,6.0,2.0,Stable
PATIENT_007,2026-09-29,77.6,43.1,6.9,6608,97.5,89.9,1,63,male,31.3,1,0,0,0,238.7,73.42857142857143,58.25714285714285,7.371428571428572,7987.714285714285,97.9,89.84285714285716,72.45666666666666,59.39333333333333,7.1033333333333335,7658.1,98.34333333333332,89.52333333333333,5.143333333333331,-16.29333333333333,-0.2033333333333331,-1050.1000000000004,-0.8433333333333337,0.3766666666666793,7.098495652573949,-27.43293298911213,-2.862505865790706,-13.712278502500624,-0.857539911195472,0.420746918866604,28,Resting HR slightly increased; HRV decreased,Moderate,8.0,10.0,15.333333333333334,12.666666666666666,Stable
PATIENT_007,2026-09-30,77.3,40.3,7.5,4851,97.1,91.1,1,63,male,31.3,1,0,0,0,238.7,74.57142857142857,54.01428571428571,7.242857142857143,7410.857142857143,97.5142857142857,90.04285714285713,72.45666666666666,59.39333333333333,7.1033333333333335,7658.1,98.34333333333332,89.52333333333333,4.843333333333334,-19.093333333333334,0.3966666666666665,-2807.1000000000004,-1.2433333333333394,1.576666666666668,6.684455076597508,-32.14726680884499,5.584232754575314,-36.65530614643319,-1.2642782089957016,1.7611795807424522,53,Resting HR slightly increased; HRV decreased; Activity decreased; SpO2 slightly decreased,Elevated,28.0,8.0,29.666666666666668,23.333333333333332,Worsening
PATIENT_007,2026-10-01,81.3,52.9,7.2,5217,96.6,91.2,1,63,male,31.3,1,0,0,0,238.7,75.74285714285715,53.68571428571428,7.314285714285715,6987.714285714285,97.4,90.37142857142858,72.45666666666666,59.39333333333333,7.1033333333333335,7658.1,98.34333333333332,89.52333333333333,8.843333333333334,-6.493333333333332,0.0966666666666666,-2441.1000000000004,-1.7433333333333394,1.6766666666666763,12.204996089616785,-10.93276462004714,1.3608634443923042,-31.876052806831986,-1.7727010812459814,1.8728823025654504,50,Resting HR increased; HRV slightly decreased; Activity decreased; SpO2 slightly decreased,Elevated,53.0,28.0,43.666666666666664,6.333333333333336,Stable
PATIENT_007,2026-10-02,83.4,43.1,5.3,6318,97.5,90.3,1,63,male,31.3,1,0,0,0,238.7,77.21428571428571,51.52857142857142,6.971428571428571,6907.714285714285,97.29999999999998,90.45714285714284,72.45666666666666,59.39333333333333,7.1033333333333335,7658.1,98.34333333333332,89.52333333333333,10.943333333333342,-16.29333333333333,-1.8033333333333337,-1340.1000000000004,-0.8433333333333337,0.7766666666666708,15.103280121451917,-27.43293298911213,-25.38714218676678,-17.499118580326716,-0.857539911195472,0.8675578061585482,58,Resting HR increased; HRV decreased; Sleep decreased; Activity slightly decreased,Elevated,50.0,53.0,53.666666666666664,4.333333333333336,Stable
PATIENT_008,2026-09-03,75.6,67.2,7.7,7734,98.7,72.5,0,54,male,24.0,0,0,0,0,182.0,75.6,67.2,7.7,7734.0,98.7,72.5,78.47666666666667,62.57666666666667,7.506666666666666,7114.733333333334,97.81,72.6,-2.87666666666668,4.623333333333335,0.1933333333333342,619.2666666666664,0.8900000000000006,-0.0999999999999943,-3.665633096886564,7.388270388323659,2.57548845470694,8.704003898014445,0.9099274102852474,-0.1377410468319481,0,,Low,,,0.0,0.0,Insufficient history
PATIENT_008,2026-09-04,77.7,65.9,8.6,8005,98.9,73.2,0,54,male,24.0,0,0,0,0,182.0,76.65,66.55000000000001,8.15,7869.5,98.8,72.85,78.47666666666667,62.57666666666667,7.506666666666666,7114.733333333334,97.81,72.6,-0.7766666666666708,3.3233333333333377,1.0933333333333335,890.2666666666664,1.0900000000000034,0.6000000000000085,-0.9896784606889574,5.310818729025735,14.564831261101247,12.51300119001883,1.1144054800122722,0.8264462809917473,0,,Low,0.0,,0.0,0.0,Insufficient history
PATIENT_008,2026-09-05,80.6,49.7,8.1,7318,98.0,72.4,0,54,male,24.0,0,0,0,0,182.0,77.96666666666665,60.93333333333334,8.133333333333333,7685.666666666667,98.53333333333336,72.7,78.47666666666667,62.57666666666667,7.506666666666666,7114.733333333334,97.81,72.6,2.1233333333333206,-12.876666666666663,0.5933333333333337,203.2666666666664,0.1899999999999977,-0.1999999999999886,2.705687465488664,-20.577425025302293,7.904085257548851,2.8569822246793004,0.1942541662406683,-0.2754820936638962,20,HRV decreased,Moderate,0.0,0.0,6.666666666666667,13.333333333333332,Stable
PATIENT_008,2026-09-06,76.2,65.1,8.0,5608,98.1,72.4,0,54,male,24.0,0,0,0,0,182.0,77.525,61.975,8.1,7166.25,98.425,72.625,78.47666666666667,62.57666666666667,7.506666666666666,7114.733333333334,97.81,72.6,-2.276666666666671,2.5233333333333263,0.493333333333334,-1506.7333333333336,0.289999999999992,-0.1999999999999886,-2.901074629401525,4.03238693868853,6.571936056838376,-21.177650134462763,0.2964932011041734,-0.2754820936638962,8,Activity slightly decreased,Low,20.0,0.0,9.333333333333334,-1.333333333333334,Stable
PATIENT_008,2026-09-07,74.6,64.9,7.3,6447,97.4,72.8,0,54,male,24.0,0,0,0,0,182.0,76.94,62.56,7.939999999999999,7022.4,98.22,72.66,78.47666666666667,62.57666666666667,7.506666666666666,7114.733333333334,97.81,72.6,-3.87666666666668,2.3233333333333377,-0.2066666666666661,-667.7333333333336,-0.4099999999999966,0.2000000000000028,-4.939897209361609,3.712778991104252,-2.753108348134984,-9.38521940386616,-0.4191800429403912,0.2754820936639158,0,,Low,8.0,20.0,9.333333333333334,-9.333333333333334,Improving
PATIENT_008,2026-09-08,77.4,54.5,7.0,6923,98.2,72.2,0,54,male,24.0,0,0,0,0,182.0,77.01666666666667,61.21666666666667,7.783333333333332,7005.833333333333,98.21666666666664,72.58333333333333,78.47666666666667,62.57666666666667,7.506666666666666,7114.733333333334,97.81,72.6,-1.076666666666668,-8.076666666666668,-0.5066666666666659,-191.7333333333336,0.3900000000000005,-0.3999999999999915,-1.371957694431467,-12.906834283279178,-6.749555950266421,-2.6948772968769066,0.398732235967693,-0.550964187327812,10,HRV slightly decreased,Low,0.0,8.0,6.0,4.0,Stable
PATIENT_008,2026-09-09,78.9,56.4,9.2,6165,97.4,72.8,0,54,male,24.0,0,0,0,0,182.0,77.28571428571429,60.52857142857143,7.985714285714286,6885.714285714285,98.1,72.61428571428571,78.47666666666667,62.57666666666667,7.506666666666666,7114.733333333334,97.81,72.6,0.423333333333332,-6.176666666666669,1.6933333333333334,-949.7333333333336,-0.4099999999999966,0.2000000000000028,0.5394384742811009,-9.870558781228365,22.557726465364123,-13.348825442040464,-0.4191800429403912,0.2754820936639158,0,,Low,10.0,0.0,3.3333333333333335,-3.3333333333333335,Stable
PATIENT_008,2026-09-10,74.7,68.0,8.6,6718,98.1,72.4,0,54,male,24.0,0,0,0,0,182.0,77.15714285714286,60.642857142857146,8.114285714285714,6740.571428571428,98.0142857142857,72.60000000000001,78.47666666666667,62.57666666666667,7.506666666666666,7114.733333333334,97.81,72.6,-3.776666666666671,5.423333333333332,1.0933333333333335,-396.7333333333336,0.289999999999992,-0.1999999999999886,-4.812470798114094,8.66670217866084,14.564831261101247,-5.576222111861774,0.2964932011041734,-0.2754820936638962,0,,Low,0.0,10.0,3.3333333333333335,-3.3333333333333335,Stable
PATIENT_008,2026-09-11,77.4,72.2,8.1,6201,99.0,73.3,0,54,male,24.0,0,0,0,0,182.0,77.11428571428571,61.54285714285714,8.042857142857143,6482.857142857143,98.02857142857144,72.61428571428571,78.47666666666667,62.57666666666667,7.506666666666666,7114.733333333334,97.81,72.6,-1.076666666666668,9.623333333333337,0.5933333333333337,-913.7333333333336,1.1899999999999975,0.7000000000000028,-1.371957694431467,15.378469077931072,7.904085257548851,-12.842833181848,1.2166445148757772,0.9641873278236954,0,,Low,0.0,0.0,0.0,0.0,Stable
PATIENT_008,2026-09-12,78.9,57.5,7.6,6310,98.3,72.5,0,54,male,24.0,0,0,0,0,182.0,76.87142857142858,62.65714285714286,7.971428571428571,6338.857142857143,98.07142857142856,72.62857142857142,78.47666666666667,62.57666666666667,7.506666666666666,7114.733333333334,97.81,72.6,0.423333333333332,-5.076666666666668,0.0933333333333337,-804.7333333333336,0.4899999999999949,-0.0999999999999943,0.5394384742811009,-8.112715069514731,1.2433392539964527,-11.310801060709704,0.5009712708311982,-0.1377410468319481,0,,Low,0.0,0.0,0.0,0.0,Stable
PATIENT_008,2026-09-13,70.7,68.6,7.6,8184,97.8,72.8,0,54,male,24.0,0,0,0,0,182.0,76.08571428571429,63.15714285714285,7.914285714285714,6706.857142857143,98.02857142857142,72.68571428571428,78.47666666666667,62.57666666666667,7.506666666666666,7114.733333333334,97.81,72.6,-7.776666666666671,6.023333333333326,0.0933333333333337,1069.2666666666664,-0.0100000000000051,0.2000000000000028,-9.909527248014276,9.62552602141372,1.2433392539964527,15.02890715042025,-0.0102239034863563,0.2754820936639158,0,,Low,0.0,0.0,0.0,0.0,Stable
PATIENT_008,2026-09-14,80.8,64.9,7.7,10320,97.8,72.8,0,54,male,24.0,0,0,0,0,182.0,76.97142857142858,63.15714285714286,7.971428571428571,7260.142857142857,98.08571428571427,72.68571428571428,78.47666666666667,62.57666666666667,7.506666666666666,7114.733333333334,97.81,72.6,2.3233333333333235,2.3233333333333377,0.1933333333333342,3205.2666666666664,-0.0100000000000051,0.2000000000000028,2.9605402879836764,3.712778991104252,2.57548845470694,45.05111458850647,-0.0102239034863563,0.2754820936639158,0,,Low,0.0,0.0,0.0,0.0,Stable
PATIENT_008,2026-09-15,82.6,56.5,6.9,5674,98.3,73.0,0,54,male,24.0,0,0,0,0,182.0,77.71428571428571,63.44285714285714,7.957142857142856,7081.714285714285,98.1,72.8,78.47666666666667,62.57666666666667,7.506666666666666,7114.733333333334,97.81,72.6,4.123333333333321,-6.076666666666668,-0.6066666666666656,-1440.7333333333336,0.4899999999999949,0.4000000000000057,5.254215690438755,-9.710754807436214,-8.081705150976894,-20.24999765744324,0.5009712708311982,0.5509641873278316,16,Resting HR slightly increased; Activity slightly decreased,Low,0.0,0.0,5.333333333333333,10.666666666666668,Stable
PATIENT_008,2026-09-16,79.7,52.7,8.1,8303,97.9,72.7,0,54,male,24.0,0,0,0,0,182.0,77.82857142857142,62.91428571428572,7.799999999999999,7387.142857142857,98.17142857142856,72.78571428571429,78.47666666666667,62.57666666666667,7.506666666666666,7114.733333333334,97.81,72.6,1.2233333333333292,-9.876666666666663,0.5933333333333337,1188.2666666666664,0.0900000000000034,0.1000000000000085,1.5588497642611336,-15.783305811537844,7.904085257548851,16.701492677167565,0.0920151313771632,0.1377410468319676,10,HRV slightly decreased,Low,16.0,0.0,8.666666666666666,1.333333333333334,Stable
PATIENT_008,2026-09-17,79.5,64.7,7.9,6019,97.8,72.1,0,54,male,24.0,0,0,0,0,182.0,78.51428571428572,62.442857142857136,7.7,7287.285714285715,98.12857142857142,72.74285714285715,78.47666666666667,62.57666666666667,7.506666666666666,7114.733333333334,97.81,72.6,1.0233333333333263,2.123333333333335,0.3933333333333344,-1095.7333333333336,-0.0100000000000051,-0.5,1.303996941766121,3.393171043519952,5.2397868561279015,-15.400905163932125,-0.0102239034863563,-0.6887052341597797,8,Activity slightly decreased,Low,10.0,16.0,11.333333333333334,-3.333333333333334,Improving
PATIENT_008,2026-09-18,79.3,65.9,7.5,7402,96.8,73.1,0,54,male,24.0,0,0,0,0,182.0,78.78571428571429,61.54285714285714,7.614285714285714,7458.857142857143,97.81428571428572,72.71428571428571,78.47666666666667,62.57666666666667,7.506666666666666,7114.733333333334,97.81,72.6,0.8233333333333235,3.3233333333333377,-0.0066666666666659,287.2666666666664,-1.0100000000000051,0.5,1.0491441192711082,5.310818729025735,-0.0888099467140221,4.037630831795051,-1.0326142521214652,0.6887052341597797,10,SpO2 slightly decreased,Low,8.0,10.0,9.333333333333334,0.6666666666666661,Stable
PATIENT_008,2026-09-19,76.0,63.1,8.2,6349,98.8,72.8,0,54,male,24.0,0,0,0,0,182.0,78.37142857142858,62.34285714285714,7.7,7464.428571428572,97.88571428571429,72.75714285714285,78.47666666666667,62.57666666666667,7.506666666666666,7114.733333333334,97.81,72.6,-2.4766666666666737,0.5233333333333334,0.6933333333333334,-765.7333333333336,0.9899999999999948,0.2000000000000028,-3.155927451896538,0.8363074628455763,9.236234458259329,-10.762642778834534,1.0121664451487524,0.2754820936639158,0,,Low,10.0,8.0,6.0,-6.0,Stable
PATIENT_008,2026-09-20,77.5,66.1,6.8,7700,98.0,73.2,0,54,male,24.0,0,0,0,0,182.0,79.34285714285714,61.98571428571429,7.585714285714286,7395.285714285715,97.91428571428573,72.81428571428572,78.47666666666667,62.57666666666667,7.506666666666666,7114.733333333334,97.81,72.6,-0.9766666666666736,3.5233333333333263,-0.7066666666666661,585.2666666666664,0.1899999999999977,0.6000000000000085,-1.24453128318397,5.630426676610014,-9.413854351687382,8.226122318943785,0.1942541662406683,0.8264462809917473,0,,Low,0.0,10.0,3.3333333333333335,-3.3333333333333335,Stable
PATIENT_008,2026-09-21,76.8,59.6,7.7,7046,97.1,72.6,0,54,male,24.0,0,0,0,0,182.0,78.77142857142857,61.22857142857144,7.5857142857142845,6927.571428571428,97.8142857142857,72.78571428571429,78.47666666666667,62.57666666666667,7.506666666666666,7114.733333333334,97.81,72.6,-1.6766666666666763,-2.9766666666666666,0.1933333333333342,-68.73333333333358,-0.710000000000008,0.0,-2.136516161916506,-4.756831619879613,2.57548845470694,-0.9660704078859864,-0.7258971475309354,0.0,0,,Low,0.0,0.0,0.0,0.0,Stable
PATIENT_008,2026-09-22,81.2,61.5,7.0,7822,96.6,71.6,0,54,male,24.0,0,0,0,0,182.0,78.57142857142857,61.94285714285714,7.6,7234.428571428572,97.57142857142856,72.58571428571427,78.47666666666667,62.57666666666667,7.506666666666666,7114.733333333334,97.81,72.6,2.723333333333329,-1.076666666666668,-0.5066666666666659,707.2666666666664,-1.210000000000008,-1.0,3.470245932973702,-1.7205561178287987,-6.749555950266421,9.940873867373805,-1.23709232184849,-1.3774104683195594,10,SpO2 slightly decreased,Low,0.0,0.0,3.3333333333333335,6.666666666666666,Stable
PATIENT_008,2026-09-23,77.4,63.4,7.7,6213,97.8,72.0,0,54,male,24.0,0,0,0,0,182.0,78.24285714285715,63.471428571428575,7.542857142857143,6935.857142857143,97.55714285714284,72.48571428571428,78.47666666666667,62.57666666666667,7.506666666666666,7114.733333333334,97.81,72.6,-1.076666666666668,0.8233333333333306,0.1933333333333342,-901.7333333333336,-0.0100000000000051,-0.5999999999999943,-1.371957694431467,1.3157193842220165,2.57548845470694,-12.674169095117175,-0.0102239034863563,-0.8264462809917278,0,,Low,10.0,0.0,3.3333333333333335,-3.3333333333333335,Stable
PATIENT_008,2026-09-24,78.1,50.9,7.4,7367,96.7,72.4,0,54,male,24.0,0,0,0,0,182.0,78.04285714285713,61.5,7.471428571428571,7128.428571428572,97.4,72.52857142857142,78.47666666666667,62.57666666666667,7.506666666666666,7114.733333333334,97.81,72.6,-0.3766666666666793,-11.67666666666667,-0.1066666666666655,252.2666666666664,-1.1099999999999994,-0.1999999999999886,-0.47997281569895,-18.65977733979652,-1.4209591474244971,3.5456939121634883,-1.1348532869849703,-0.2754820936638962,20,HRV slightly decreased; SpO2 slightly decreased,Moderate,0.0,10.0,10.0,10.0,Stable
PATIENT_008,2026-09-25,79.8,73.0,6.6,7445,97.1,72.0,0,54,male,24.0,0,0,0,0,182.0,78.11428571428571,62.51428571428572,7.3428571428571425,7134.571428571428,97.44285714285716,72.37142857142858,78.47666666666667,62.57666666666667,7.506666666666666,7114.733333333334,97.81,72.6,1.3233333333333237,10.423333333333332,-0.9066666666666664,330.2666666666664,-0.710000000000008,-0.5999999999999943,1.686276175508631,16.656900868268252,-12.078152753108345,4.642010475913827,-0.7258971475309354,-0.8264462809917278,8,Sleep slightly decreased,Low,20.0,0.0,9.333333333333334,-1.333333333333334,Stable
PATIENT_008,2026-09-26,82.2,66.8,7.0,7325,98.4,72.8,0,54,male,24.0,0,0,0,0,182.0,79.0,63.04285714285714,7.171428571428572,7274.0,97.38571428571429,72.37142857142857,78.47666666666667,62.57666666666667,7.506666666666666,7114.733333333334,97.81,72.6,3.723333333333329,4.223333333333329,-0.5066666666666659,210.2666666666664,0.5900000000000034,0.2000000000000028,4.744510045448748,6.749054493155056,-6.749555950266421,2.9553696086056127,0.6032103056947178,0.2754820936639158,0,,Low,8.0,20.0,9.333333333333334,-9.333333333333334,Improving
PATIENT_008,2026-09-27,84.2,66.4,5.7,6815,97.4,72.6,0,54,male,24.0,0,0,0,0,182.0,79.95714285714287,63.08571428571429,7.014285714285713,7147.571428571428,97.3,72.28571428571429,78.47666666666667,62.57666666666667,7.506666666666666,7114.733333333334,97.81,72.6,5.723333333333329,3.8233333333333377,-1.8066666666666653,-299.7333333333336,-0.4099999999999966,0.0,7.293038270398839,6.109838597986477,-24.067495559502657,-4.2128540774543,-0.4191800429403912,0.0,23,Resting HR slightly increased; Sleep decreased,Moderate,0.0,8.0,10.333333333333334,12.666666666666666,Stable
PATIENT_008,2026-09-28,77.5,57.6,6.9,8469,98.4,72.4,0,54,male,24.0,0,0,0,0,182.0,80.05714285714286,62.8,6.9,7350.857142857143,97.48571428571428,72.25714285714285,78.47666666666667,62.57666666666667,7.506666666666666,7114.733333333334,97.81,72.6,-0.9766666666666736,-4.976666666666667,-0.6066666666666656,1354.2666666666664,0.5900000000000034,-0.1999999999999886,-1.24453128318397,-7.9529110957225795,-8.081705150976894,19.03467921027726,0.6032103056947178,-0.2754820936638962,0,,Low,23.0,0.0,7.666666666666667,-7.666666666666667,Stable
PATIENT_008,2026-09-29,79.5,66.9,8.3,6050,98.5,72.4,0,54,male,24.0,0,0,0,0,182.0,79.81428571428572,63.57142857142857,7.085714285714286,7097.714285714285,97.75714285714284,72.37142857142858,78.47666666666667,62.57666666666667,7.506666666666666,7114.733333333334,97.81,72.6,1.0233333333333263,4.323333333333338,0.7933333333333348,-1064.7333333333336,0.6899999999999977,-0.1999999999999886,1.303996941766121,6.908858466947218,10.568383658969823,-14.965189606544168,0.7054493405582227,-0.2754820936638962,0,,Low,0.0,23.0,7.666666666666667,-7.666666666666667,Stable
PATIENT_008,2026-09-30,80.9,60.8,6.2,7141,96.7,72.6,0,54,male,24.0,0,0,0,0,182.0,80.31428571428572,63.2,6.871428571428572,7230.285714285715,97.6,72.45714285714286,78.47666666666667,62.57666666666667,7.506666666666666,7114.733333333334,97.81,72.6,2.423333333333332,-1.7766666666666708,-1.3066666666666658,26.266666666666424,-1.1099999999999994,0.0,3.087966699231192,-2.8391839343738416,-17.406749555950256,0.3691869453996836,-1.1348532869849703,0.0,25,Sleep decreased; SpO2 slightly decreased,Moderate,0.0,0.0,8.333333333333334,16.666666666666664,Stable
PATIENT_008,2026-10-01,77.3,59.4,6.6,5990,97.3,72.6,0,54,male,24.0,0,0,0,0,182.0,80.2,64.41428571428573,6.757142857142858,7033.571428571428,97.68571428571428,72.48571428571428,78.47666666666667,62.57666666666667,7.506666666666666,7114.733333333334,97.81,72.6,-1.1766666666666763,-3.1766666666666694,-0.9066666666666664,-1124.7333333333336,-0.5100000000000051,0.0,-1.499384105678983,-5.076439567463916,-12.078152753108345,-15.808510040198277,-0.5214190778039107,0.0,16,Sleep slightly decreased; Activity slightly decreased,Low,25.0,0.0,13.666666666666666,2.333333333333334,Stable
PATIENT_008,2026-10-02,81.3,67.1,7.2,8379,97.0,73.0,0,54,male,24.0,0,0,0,0,182.0,80.41428571428573,63.57142857142857,6.842857142857143,7167.0,97.67142857142856,72.62857142857142,78.47666666666667,62.57666666666667,7.506666666666666,7114.733333333334,97.81,72.6,2.8233333333333235,4.523333333333326,-0.3066666666666657,1264.2666666666664,-0.8100000000000023,0.4000000000000057,3.5976723442212,7.228466414531496,-4.085257548845459,17.769698559796097,-0.8281361823944405,0.5509641873278316,0,,Low,16.0,25.0,13.666666666666666,-13.666666666666666,Improving
PATIENT_009,2026-09-03,77.5,39.1,8.6,7057,98.2,68.9,0,57,male,24.0,1,1,0,0,184.2,77.5,39.1,8.6,7057.0,98.2,68.9,70.33333333333333,39.04,7.489999999999999,6749.5,98.81333333333332,68.24666666666667,7.166666666666671,0.0600000000000022,1.1100000000000003,307.5,-0.6133333333333297,0.653333333333336,10.189573459715648,0.1536885245901697,14.819759679572767,4.555893029113268,-0.6206989610039094,0.9573117124157506,15,Resting HR increased,Low,,,15.0,0.0,Insufficient history
PATIENT_009,2026-09-04,67.1,25.6,8.3,7479,99.0,68.1,0,57,male,24.0,1,1,0,0,184.2,72.3,32.35,8.45,7268.0,98.6,68.5,70.33333333333333,39.04,7.489999999999999,6749.5,98.81333333333332,68.24666666666667,-3.2333333333333343,-13.439999999999998,0.8100000000000014,729.5,0.1866666666666674,-0.1466666666666753,-4.597156398104267,-34.42622950819671,10.814419225634198,10.80820801540855,0.1889083794359743,-0.2149067109504865,20,HRV decreased,Moderate,15.0,,17.5,2.5,Insufficient history
PATIENT_009,2026-09-05,75.0,46.3,7.4,7142,98.1,68.0,0,57,male,24.0,1,1,0,0,184.2,73.2,37.0,8.1,7226.0,98.43333333333334,68.33333333333333,70.33333333333333,39.04,7.489999999999999,6749.5,98.81333333333332,68.24666666666667,4.666666666666671,7.259999999999998,-0.0899999999999989,392.5,-0.7133333333333383,-0.2466666666666697,6.635071090047401,18.59631147540984,-1.2016021361815616,5.815245573746203,-0.7218998785589039,-0.3614340138712558,8,Resting HR slightly increased,Low,20.0,15.0,14.333333333333334,-6.333333333333334,Stable
PATIENT_009,2026-09-06,67.1,25.9,7.1,7633,98.2,68.0,0,57,male,24.0,1,1,0,0,184.2,71.675,34.225,7.85,7327.75,98.375,68.25,70.33333333333333,39.04,7.489999999999999,6749.5,98.81333333333332,68.24666666666667,-3.2333333333333343,-13.14,-0.3899999999999997,883.5,-0.6133333333333297,-0.2466666666666697,-4.597156398104267,-33.657786885245905,-5.206942590120157,13.089858508037633,-0.6206989610039094,-0.3614340138712558,20,HRV decreased,Moderate,8.0,20.0,16.0,4.0,Stable
PATIENT_009,2026-09-07,66.8,47.3,7.8,6901,98.9,67.7,0,57,male,24.0,1,1,0,0,184.2,70.7,36.84,7.840000000000001,7242.4,98.48,68.14,70.33333333333333,39.04,7.489999999999999,6749.5,98.81333333333332,68.24666666666667,-3.5333333333333314,8.259999999999998,0.3100000000000005,151.5,0.0866666666666731,-0.5466666666666669,-5.023696682464453,21.157786885245898,4.138851802403211,2.2446107119045857,0.0877074618809942,-0.8010159226335843,0,,Low,20.0,8.0,9.333333333333334,-9.333333333333334,Stable
PATIENT_009,2026-09-08,67.4,47.1,7.8,7185,96.8,68.8,0,57,male,24.0,1,1,0,0,184.2,70.14999999999999,38.55,7.833333333333333,7232.833333333333,98.2,68.25,70.33333333333333,39.04,7.489999999999999,6749.5,98.81333333333332,68.24666666666667,-2.933333333333323,8.060000000000002,0.3100000000000005,435.5,-2.0133333333333354,0.5533333333333275,-4.170616113744061,20.64549180327869,4.138851802403211,6.452329802207571,-2.037511806773717,0.8107844094949607,20,SpO2 decreased,Moderate,0.0,20.0,13.333333333333334,6.666666666666666,Stable
PATIENT_009,2026-09-09,68.8,56.5,7.5,6439,99.5,67.8,0,57,male,24.0,1,1,0,0,184.2,69.95714285714286,41.114285714285714,7.785714285714286,7119.428571428572,98.38571428571429,68.18571428571428,70.33333333333333,39.04,7.489999999999999,6749.5,98.81333333333332,68.24666666666667,-1.5333333333333314,17.46,0.0100000000000006,-310.5,0.6866666666666674,-0.4466666666666725,-2.1800947867298555,44.72336065573771,0.1335113484646285,-4.600340765982666,0.6949129672109036,-0.654488619712815,0,,Low,20.0,0.0,6.666666666666667,-6.666666666666667,Stable
PATIENT_009,2026-09-10,72.9,36.8,8.6,7203,99.3,67.9,0,57,male,24.0,1,1,0,0,184.2,69.3,40.785714285714285,7.785714285714286,7140.285714285715,98.54285714285712,68.04285714285713,70.33333333333333,39.04,7.489999999999999,6749.5,98.81333333333332,68.24666666666667,2.566666666666677,-2.240000000000002,1.1100000000000003,453.5,0.4866666666666646,-0.346666666666664,3.649289099526081,-5.737704918032792,14.819759679572767,6.7190162234239565,0.4925111321009289,-0.5079613167920249,0,,Low,0.0,20.0,6.666666666666667,-6.666666666666667,Stable
PATIENT_009,2026-09-11,69.6,43.4,6.6,5858,99.7,67.6,0,57,male,24.0,1,1,0,0,184.2,69.65714285714286,43.32857142857142,7.542857142857143,6908.714285714285,98.64285714285714,67.97142857142858,70.33333333333333,39.04,7.489999999999999,6749.5,98.81333333333332,68.24666666666667,-0.7333333333333343,4.359999999999999,-0.8899999999999997,-891.5,0.8866666666666703,-0.6466666666666754,-1.0426540284360204,11.168032786885243,-11.882510013351132,-13.208385806356029,0.897314802320878,-0.9475432255543744,8,Sleep slightly decreased,Low,0.0,0.0,2.6666666666666665,5.333333333333334,Stable
PATIENT_009,2026-09-12,74.1,36.9,8.0,5263,99.3,68.5,0,57,male,24.0,1,1,0,0,184.2,69.52857142857144,41.98571428571429,7.628571428571427,6640.285714285715,98.81428571428572,68.04285714285714,70.33333333333333,39.04,7.489999999999999,6749.5,98.81333333333332,68.24666666666667,3.7666666666666657,-2.140000000000001,0.5100000000000007,-1486.5,0.4866666666666646,0.2533333333333303,5.355450236966823,-5.481557377049183,6.809078771695604,-22.02385361878657,0.4925111321009289,0.371202500732632,16,Resting HR slightly increased; Activity slightly decreased,Low,8.0,0.0,8.0,8.0,Worsening
PATIENT_009,2026-09-13,73.7,50.7,8.6,6619,98.1,68.9,0,57,male,24.0,1,1,0,0,184.2,70.47142857142858,45.52857142857143,7.8428571428571425,6495.428571428572,98.8,68.17142857142856,70.33333333333333,39.04,7.489999999999999,6749.5,98.81333333333332,68.24666666666667,3.3666666666666742,11.660000000000004,1.1100000000000003,-130.5,-0.7133333333333383,0.653333333333336,4.786729857819917,29.866803278688536,14.819759679572767,-1.9334765538188008,-0.7218998785589039,0.9573117124157506,0,,Low,16.0,8.0,8.0,-8.0,Stable
PATIENT_009,2026-09-14,66.4,38.2,8.2,6854,100.0,68.2,0,57,male,24.0,1,1,0,0,184.2,70.41428571428571,44.22857142857142,7.899999999999999,6488.714285714285,98.95714285714288,68.24285714285715,70.33333333333333,39.04,7.489999999999999,6749.5,98.81333333333332,68.24666666666667,-3.933333333333323,-0.8399999999999963,0.71,104.5,1.1866666666666674,-0.0466666666666668,-5.59241706161136,-2.1516393442622856,9.479305740987984,1.548262834284021,1.2009175549858326,-0.0683794080296964,0,,Low,0.0,16.0,5.333333333333333,-5.333333333333333,Stable
PATIENT_009,2026-09-15,65.2,39.3,7.9,6060,100.0,68.1,0,57,male,24.0,1,1,0,0,184.2,70.10000000000001,43.114285714285714,7.914285714285714,6328.0,99.41428571428573,68.14285714285714,70.33333333333333,39.04,7.489999999999999,6749.5,98.81333333333332,68.24666666666667,-5.133333333333326,0.259999999999998,0.410000000000001,-689.5,1.1866666666666674,-0.1466666666666753,-7.298578199052122,0.665983606557372,5.473965287049413,-10.215571523816578,1.2009175549858326,-0.2149067109504865,0,,Low,0.0,0.0,0.0,0.0,Stable
PATIENT_009,2026-09-16,66.0,44.5,7.1,8110,99.2,67.5,0,57,male,24.0,1,1,0,0,184.2,69.7,41.4,7.857142857142857,6566.714285714285,99.37142857142857,68.1,70.33333333333333,39.04,7.489999999999999,6749.5,98.81333333333332,68.24666666666667,-4.333333333333329,5.460000000000001,-0.3899999999999997,1360.5,0.3866666666666702,-0.7466666666666697,-6.161137440758288,13.985655737704922,-5.206942590120157,20.15704867027187,0.3913102145459489,-1.0940705284751435,0,,Low,0.0,0.0,0.0,0.0,Stable
PATIENT_009,2026-09-17,73.5,57.9,6.6,7313,99.3,68.3,0,57,male,24.0,1,1,0,0,184.2,69.78571428571429,44.41428571428571,7.571428571428571,6582.428571428572,99.37142857142858,68.15714285714286,70.33333333333333,39.04,7.489999999999999,6749.5,98.81333333333332,68.24666666666667,3.1666666666666714,18.86,-0.8899999999999997,563.5,0.4866666666666646,0.0533333333333274,4.502369668246453,48.3094262295082,-11.882510013351132,8.348766575301875,0.4925111321009289,0.0781478948910727,8,Sleep slightly decreased,Low,0.0,0.0,2.6666666666666665,5.333333333333334,Stable
PATIENT_009,2026-09-18,71.3,44.7,7.4,7821,98.0,69.2,0,57,male,24.0,1,1,0,0,184.2,70.02857142857142,44.60000000000001,7.685714285714286,6862.857142857143,99.12857142857142,68.38571428571429,70.33333333333333,39.04,7.489999999999999,6749.5,98.81333333333332,68.24666666666667,0.9666666666666686,5.660000000000004,-0.0899999999999989,1071.5,-0.8133333333333326,0.9533333333333333,1.3744075829383913,14.49795081967214,-1.2016021361815616,15.87525001851989,-0.8231007961138841,1.3968936211780791,0,,Low,8.0,0.0,2.6666666666666665,-2.6666666666666665,Stable
PATIENT_009,2026-09-19,74.9,33.0,7.8,7830,98.7,68.2,0,57,male,24.0,1,1,0,0,184.2,70.14285714285715,44.04285714285714,7.657142857142857,7229.571428571428,99.04285714285712,68.34285714285714,70.33333333333333,39.04,7.489999999999999,6749.5,98.81333333333332,68.24666666666667,4.566666666666677,-6.039999999999999,0.3100000000000005,1080.5,-0.1133333333333297,-0.0466666666666668,6.492890995260679,-15.471311475409836,4.138851802403211,16.008593229128085,-0.1146943732289803,-0.0683794080296964,18,Resting HR slightly increased; HRV slightly decreased,Low,0.0,8.0,8.666666666666666,9.333333333333334,Stable
PATIENT_009,2026-09-20,69.1,49.4,7.4,6400,99.4,68.1,0,57,male,24.0,1,1,0,0,184.2,69.48571428571428,43.85714285714285,7.485714285714286,7198.285714285715,99.22857142857144,68.22857142857143,70.33333333333333,39.04,7.489999999999999,6749.5,98.81333333333332,68.24666666666667,-1.2333333333333345,10.36,-0.0899999999999989,-349.5,0.5866666666666731,-0.1466666666666753,-1.7535545023696697,26.53688524590164,-1.2016021361815616,-5.178161345284836,0.5937120496559234,-0.2149067109504865,0,,Low,18.0,0.0,6.0,-6.0,Stable
PATIENT_009,2026-09-21,67.7,31.9,6.9,5230,97.8,67.9,0,57,male,24.0,1,1,0,0,184.2,69.67142857142858,42.957142857142856,7.3,6966.285714285715,98.91428571428573,68.18571428571428,70.33333333333333,39.04,7.489999999999999,6749.5,98.81333333333332,68.24666666666667,-2.6333333333333258,-7.140000000000001,-0.589999999999999,-1519.5,-1.0133333333333354,-0.346666666666664,-3.744075829383876,-18.28893442622951,-7.877169559412538,-22.51277872434996,-1.0255026312238589,-0.5079613167920249,28,HRV slightly decreased; Activity slightly decreased; SpO2 slightly decreased,Moderate,0.0,18.0,15.333333333333334,12.666666666666666,Stable
PATIENT_009,2026-09-22,71.2,41.6,7.3,5392,98.3,67.5,0,57,male,24.0,1,1,0,0,184.2,70.52857142857142,43.285714285714285,7.214285714285714,6870.857142857143,98.67142857142856,68.1,70.33333333333333,39.04,7.489999999999999,6749.5,98.81333333333332,68.24666666666667,0.8666666666666742,2.5600000000000023,-0.1899999999999995,-1357.5,-0.5133333333333354,-0.7466666666666697,1.2322274881516695,6.557377049180333,-2.536715620827764,-20.11260093340248,-0.5194980434489294,-1.0940705284751435,8,Activity slightly decreased,Low,28.0,0.0,12.0,-4.0,Stable
PATIENT_009,2026-09-23,66.6,46.3,7.0,6428,98.6,69.5,0,57,male,24.0,1,1,0,0,184.2,70.61428571428571,43.54285714285714,7.2,6630.571428571428,98.58571428571427,68.38571428571429,70.33333333333333,39.04,7.489999999999999,6749.5,98.81333333333332,68.24666666666667,-3.7333333333333343,7.259999999999998,-0.4899999999999993,-321.5,-0.2133333333333382,1.2533333333333303,-5.308056872037916,18.59631147540984,-6.5420560747663465,-4.763315801170457,-0.2158952907839748,1.836475529940408,0,,Low,8.0,28.0,12.0,-12.0,Improving
PATIENT_009,2026-09-24,64.9,42.6,7.6,5639,99.2,68.3,0,57,male,24.0,1,1,0,0,184.2,69.38571428571429,41.35714285714285,7.3428571428571425,6391.428571428572,98.57142857142856,68.38571428571429,70.33333333333333,39.04,7.489999999999999,6749.5,98.81333333333332,68.24666666666667,-5.433333333333323,3.5600000000000023,0.1100000000000003,-1110.5,0.3866666666666702,0.0533333333333274,-7.725118483412308,9.1188524590164,1.468624833110819,-16.453070597822062,0.3913102145459489,0.0781478948910727,8,Activity slightly decreased,Low,0.0,8.0,5.333333333333333,2.666666666666667,Stable
PATIENT_009,2026-09-25,67.1,44.3,8.0,7720,98.6,69.0,0,57,male,24.0,1,1,0,0,184.2,68.78571428571429,41.3,7.428571428571429,6377.0,98.65714285714284,68.35714285714286,70.33333333333333,39.04,7.489999999999999,6749.5,98.81333333333332,68.24666666666667,-3.2333333333333343,5.259999999999998,0.5100000000000007,970.5,-0.2133333333333382,0.7533333333333303,-4.597156398104267,13.473360655737702,6.809078771695604,14.378842877250166,-0.2158952907839748,1.1038390153365198,0,,Low,8.0,0.0,2.6666666666666665,-2.6666666666666665,Stable
PATIENT_009,2026-09-26,70.7,24.4,8.0,6329,98.4,68.7,1,57,male,24.0,1,1,0,0,184.2,68.18571428571428,40.07142857142857,7.457142857142857,6162.571428571428,98.61428571428571,68.42857142857143,70.33333333333333,39.04,7.489999999999999,6749.5,98.81333333333332,68.24666666666667,0.3666666666666742,-14.64,0.5100000000000007,-420.5,-0.4133333333333269,0.4533333333333331,0.5213270142180203,-37.5,6.809078771695604,-6.230091117860583,-0.4182971258939348,0.6642571065741913,20,HRV decreased,Moderate,0.0,8.0,9.333333333333334,10.666666666666666,Stable
PATIENT_009,2026-09-27,70.9,42.4,7.5,7161,99.5,68.5,1,57,male,24.0,1,1,0,0,184.2,68.44285714285715,39.07142857142857,7.471428571428572,6271.285714285715,98.62857142857142,68.48571428571428,70.33333333333333,39.04,7.489999999999999,6749.5,98.81333333333332,68.24666666666667,0.5666666666666771,3.3599999999999994,0.0100000000000006,411.5,0.6866666666666674,0.2533333333333303,0.8056872037914841,8.606557377049178,0.1335113484646285,6.0967479072523885,0.6949129672109036,0.371202500732632,0,,Low,20.0,0.0,6.666666666666667,-6.666666666666667,Stable
PATIENT_009,2026-09-28,70.2,38.7,7.4,8412,99.3,68.6,1,57,male,24.0,1,1,0,0,184.2,68.8,40.04285714285714,7.542857142857143,6725.857142857143,98.84285714285714,68.58571428571429,70.33333333333333,39.04,7.489999999999999,6749.5,98.81333333333332,68.24666666666667,-0.1333333333333257,-0.3399999999999963,-0.0899999999999989,1662.5,0.4866666666666646,0.3533333333333246,-0.189573459715629,-0.8709016393442528,-1.2016021361815616,24.63145418179124,0.4925111321009289,0.5177298036534013,0,,Low,0.0,20.0,6.666666666666667,-6.666666666666667,Stable
PATIENT_009,2026-09-29,72.0,26.4,7.3,5240,98.2,68.2,1,57,male,24.0,1,1,0,0,184.2,68.91428571428571,37.871428571428574,7.542857142857143,6704.142857142857,98.82857142857144,68.68571428571428,70.33333333333333,39.04,7.489999999999999,6749.5,98.81333333333332,68.24666666666667,1.6666666666666714,-12.64,-0.1899999999999995,-1509.5,-0.6133333333333297,-0.0466666666666668,2.3696682464455043,-32.37704918032787,-2.536715620827764,-22.36461960145196,-0.6206989610039094,-0.0683794080296964,28,HRV decreased; Activity slightly decreased,Moderate,0.0,0.0,9.333333333333334,18.666666666666664,Stable
PATIENT_009,2026-09-30,75.0,27.7,7.7,6010,99.5,68.2,1,57,male,24.0,1,1,0,0,184.2,70.11428571428571,35.21428571428571,7.642857142857143,6644.428571428572,98.95714285714288,68.5,70.33333333333333,39.04,7.489999999999999,6749.5,98.81333333333332,68.24666666666667,4.666666666666671,-11.34,0.2100000000000008,-739.5,0.6866666666666674,-0.0466666666666668,6.635071090047401,-29.047131147540984,2.803738317757021,-10.956367138306542,0.6949129672109036,-0.0683794080296964,28,Resting HR slightly increased; HRV decreased,Moderate,28.0,0.0,18.666666666666668,9.333333333333332,Stable
PATIENT_009,2026-10-01,75.7,25.1,5.7,6477,98.5,67.8,1,57,male,24.0,1,1,0,0,184.2,71.65714285714286,32.714285714285715,7.371428571428572,6764.142857142857,98.85714285714286,68.42857142857143,70.33333333333333,39.04,7.489999999999999,6749.5,98.81333333333332,68.24666666666667,5.366666666666674,-13.939999999999998,-1.7899999999999991,-272.5,-0.3133333333333326,-0.4466666666666725,7.630331753554513,-35.70696721311475,-23.89853137516688,-4.037336098970294,-0.3170962083389548,-0.654488619712815,43,Resting HR slightly increased; HRV decreased; Sleep decreased,Elevated,28.0,28.0,33.0,10.0,Stable
PATIENT_009,2026-10-02,71.6,17.2,5.6,7280,98.8,67.4,1,57,male,24.0,1,1,0,0,184.2,72.3,28.842857142857145,7.028571428571428,6701.285714285715,98.88571428571429,68.2,70.33333333333333,39.04,7.489999999999999,6749.5,98.81333333333332,68.24666666666667,1.2666666666666655,-21.84,-1.89,530.5,-0.0133333333333354,-0.846666666666664,1.800947867298577,-55.94262295081968,-25.233644859813083,7.859841469738499,-0.0134934556740002,-1.2405978313959127,35,HRV decreased; Sleep decreased,Moderate,43.0,28.0,35.333333333333336,-0.3333333333333357,Stable
PATIENT_010,2026-09-03,65.4,51.7,7.0,8732,97.5,62.0,0,75,male,31.9,1,0,0,0,222.5,65.4,51.7,7.0,8732.0,97.5,62.0,70.34333333333333,52.64333333333333,7.343333333333334,5891.566666666667,97.71666666666668,62.26,-4.943333333333328,-0.943333333333328,-0.3433333333333337,2840.4333333333334,-0.2166666666666685,-0.259999999999998,-7.027436857318857,-1.7919331349331884,-4.67544257830232,48.21185083763798,-0.2217294900221749,-0.4176035978156088,0,,Low,,,0.0,0.0,Insufficient history
PATIENT_010,2026-09-04,73.5,50.9,7.5,4905,98.7,61.9,0,75,male,31.9,1,0,0,0,222.5,69.45,51.3,7.25,6818.5,98.1,61.95,70.34333333333333,52.64333333333333,7.343333333333334,5891.566666666667,97.71666666666668,62.26,3.1566666666666663,-1.7433333333333323,0.1566666666666663,-986.5666666666666,0.9833333333333344,-0.3599999999999994,4.487513623655404,-3.311593744063824,2.133454380390372,-16.74540444816602,1.0063107624083245,-0.578220366206231,8,Activity slightly decreased,Low,0.0,,4.0,4.0,Insufficient history
PATIENT_010,2026-09-05,71.6,59.9,7.2,5778,98.1,62.5,0,75,male,31.9,1,0,0,0,222.5,70.16666666666667,54.16666666666666,7.233333333333333,6471.666666666667,98.1,62.13333333333333,70.34333333333333,52.64333333333333,7.343333333333334,5891.566666666667,97.71666666666668,62.26,1.2566666666666606,7.256666666666668,-0.1433333333333335,-113.5666666666666,0.3833333333333257,0.240000000000002,1.7864758565132834,13.784588108655734,-1.9518837948252408,-1.9276140471974053,0.3922906361930674,0.3854802441374911,0,,Low,8.0,0.0,2.6666666666666665,-2.6666666666666665,Stable
PATIENT_010,2026-09-06,67.2,53.3,6.8,5033,97.2,62.8,0,75,male,31.9,1,0,0,0,222.5,69.425,53.95,7.125,6112.0,97.875,62.3,70.34333333333333,52.64333333333333,7.343333333333334,5891.566666666667,97.71666666666668,62.26,-3.143333333333331,0.6566666666666663,-0.5433333333333339,-858.5666666666666,-0.5166666666666657,0.5399999999999991,-4.468558972657912,1.247388083328056,-7.399001361779399,-14.57280745924966,-0.528739553129796,0.8673305493093466,0,,Low,0.0,8.0,2.6666666666666665,-2.6666666666666665,Stable
PATIENT_010,2026-09-07,75.3,70.3,7.3,4937,97.0,63.0,0,75,male,31.9,1,0,0,0,222.5,70.6,57.220000000000006,7.159999999999999,5877.0,97.7,62.44,70.34333333333333,52.64333333333333,7.343333333333334,5891.566666666667,97.71666666666668,62.26,4.956666666666664,17.656666666666666,-0.0433333333333338,-954.5666666666666,-0.7166666666666686,0.740000000000002,7.046391508316349,33.540176027353894,-0.5901044030867075,-16.202255200936932,-0.7334129285348817,1.188564086090591,16,Resting HR slightly increased; Activity slightly decreased,Low,0.0,0.0,5.333333333333333,10.666666666666668,Stable
PATIENT_010,2026-09-08,65.9,49.8,7.0,7529,97.0,62.8,0,75,male,31.9,1,0,0,0,222.5,69.81666666666666,55.98333333333333,7.133333333333333,6152.333333333333,97.58333333333331,62.5,70.34333333333333,52.64333333333333,7.343333333333334,5891.566666666667,97.71666666666668,62.26,-4.443333333333328,-2.8433333333333337,-0.3433333333333337,1637.4333333333334,-0.7166666666666686,0.5399999999999991,-6.316637444913038,-5.40112708161844,-4.67544257830232,27.79283382461937,-0.7334129285348817,0.8673305493093466,0,,Low,16.0,0.0,5.333333333333333,-5.333333333333333,Stable
PATIENT_010,2026-09-09,74.4,50.9,7.6,4240,97.6,62.1,0,75,male,31.9,1,0,0,0,222.5,70.47142857142858,55.25714285714286,7.2,5879.142857142857,97.58571428571427,62.44285714285714,70.34333333333333,52.64333333333333,7.343333333333334,5891.566666666667,97.71666666666668,62.26,4.056666666666672,-1.7433333333333323,0.2566666666666659,-1651.5666666666666,-0.1166666666666742,-0.1599999999999966,5.766952565985887,-3.311593744063824,3.495233772128905,-28.03272474214556,-0.1193928023196393,-0.2569868294249864,16,Resting HR slightly increased; Activity slightly decreased,Low,0.0,16.0,10.666666666666666,5.333333333333334,Stable
PATIENT_010,2026-09-10,62.8,54.9,7.6,4085,96.7,61.8,0,75,male,31.9,1,0,0,0,222.5,70.1,55.71428571428572,7.285714285714286,5215.285714285715,97.47142857142856,62.41428571428571,70.34333333333333,52.64333333333333,7.343333333333334,5891.566666666667,97.71666666666668,62.26,-7.543333333333336,2.256666666666668,0.2566666666666659,-1806.5666666666664,-1.0166666666666655,-0.4600000000000008,-10.723593801829129,4.286709301589314,3.495233772128905,-30.663603908411456,-1.040422991642503,-0.7388371345968533,25,Activity decreased; SpO2 slightly decreased,Moderate,16.0,0.0,13.666666666666666,11.333333333333334,Worsening
PATIENT_010,2026-09-11,68.9,49.9,6.8,4771,97.9,62.0,0,75,male,31.9,1,0,0,0,222.5,69.44285714285715,55.57142857142856,7.185714285714285,5196.142857142857,97.35714285714286,62.42857142857143,70.34333333333333,52.64333333333333,7.343333333333334,5891.566666666667,97.71666666666668,62.26,-1.443333333333328,-2.7433333333333323,-0.5433333333333339,-1120.5666666666666,0.1833333333333371,-0.259999999999998,-2.0518409704781235,-5.211169505477108,-7.399001361779399,-19.01984192093784,0.1876172607879963,-0.4176035978156088,8,Activity slightly decreased,Low,25.0,16.0,16.333333333333332,-8.333333333333332,Stable
PATIENT_010,2026-09-12,70.2,50.4,7.6,5624,98.3,62.3,0,75,male,31.9,1,0,0,0,222.5,69.24285714285715,54.21428571428572,7.242857142857142,5174.142857142857,97.38571428571429,62.4,70.34333333333333,52.64333333333333,7.343333333333334,5891.566666666667,97.71666666666668,62.26,-0.1433333333333308,-2.2433333333333323,0.2566666666666659,-267.5666666666666,0.5833333333333286,0.0399999999999991,-0.2037624982229979,-4.261381624770467,3.495233772128905,-4.541519799487402,0.596964011598153,0.0642467073562466,0,,Low,8.0,25.0,11.0,-11.0,Improving
PATIENT_010,2026-09-13,73.2,60.7,6.5,6701,98.9,61.7,0,75,male,31.9,1,0,0,0,222.5,70.10000000000001,55.271428571428565,7.2,5412.428571428572,97.62857142857142,62.24285714285714,70.34333333333333,52.64333333333333,7.343333333333334,5891.566666666667,97.71666666666668,62.26,2.856666666666669,8.056666666666672,-0.8433333333333337,809.4333333333334,1.1833333333333371,-0.5599999999999952,4.061033976211916,15.304248717786372,-11.48433953699501,13.738847052566664,1.21098413781341,-0.8994539029874642,8,Sleep slightly decreased,Low,0.0,8.0,5.333333333333333,2.666666666666667,Stable
PATIENT_010,2026-09-14,70.4,49.5,7.6,6299,97.2,62.9,0,75,male,31.9,1,0,0,0,222.5,69.4,52.3,7.242857142857143,5607.0,97.65714285714286,62.22857142857144,70.34333333333333,52.64333333333333,7.343333333333334,5891.566666666667,97.71666666666668,62.26,0.0566666666666719,-3.143333333333331,0.2566666666666659,407.4333333333334,-0.5166666666666657,0.6400000000000006,0.0805572667393337,-5.97099981004242,3.495233772128905,6.91553463425122,-0.528739553129796,1.0279473176999687,0,,Low,8.0,0.0,2.6666666666666665,-2.6666666666666665,Stable
PATIENT_010,2026-09-15,67.9,51.0,8.0,7732,97.3,62.6,0,75,male,31.9,1,0,0,0,222.5,69.68571428571428,52.471428571428575,7.385714285714286,5636.0,97.7,62.2,70.34333333333333,52.64333333333333,7.343333333333334,5891.566666666667,97.71666666666668,62.26,-2.443333333333328,-1.6433333333333309,0.6566666666666663,1840.4333333333327,-0.4166666666666714,0.3400000000000034,-3.473439795289761,-3.121636167922493,8.942351339083062,31.23843686172892,-0.4264028654272605,0.5460970125281134,0,,Low,0.0,8.0,2.6666666666666665,-2.6666666666666665,Stable
PATIENT_010,2026-09-16,71.1,40.9,6.8,4574,97.3,62.0,0,75,male,31.9,1,0,0,0,222.5,69.21428571428571,51.04285714285714,7.271428571428571,5683.714285714285,97.65714285714286,62.18571428571428,70.34333333333333,52.64333333333333,7.343333333333334,5891.566666666667,97.71666666666668,62.26,0.7566666666666606,-11.743333333333332,-0.5433333333333339,-1317.5666666666666,-0.4166666666666714,-0.259999999999998,1.0756764441074642,-22.30735135819667,-7.399001361779399,-22.363604474191924,-0.4264028654272605,-0.4176035978156088,28,HRV decreased; Activity slightly decreased,Moderate,0.0,0.0,9.333333333333334,18.666666666666664,Stable
PATIENT_010,2026-09-17,70.6,61.0,7.6,8432,97.5,62.6,0,75,male,31.9,1,0,0,0,222.5,70.32857142857144,51.91428571428571,7.271428571428571,6304.714285714285,97.7714285714286,62.3,70.34333333333333,52.64333333333333,7.343333333333334,5891.566666666667,97.71666666666668,62.26,0.2566666666666606,8.35666666666667,0.2566666666666659,2540.4333333333334,-0.2166666666666685,0.3400000000000034,0.3648770317016451,15.874121446210353,3.495233772128905,43.11982664486526,-0.2217294900221749,0.5460970125281134,0,,Low,28.0,0.0,9.333333333333334,-9.333333333333334,Stable
PATIENT_010,2026-09-18,71.7,62.6,7.1,6624,98.8,61.8,0,75,male,31.9,1,0,0,0,222.5,70.72857142857143,53.72857142857144,7.314285714285715,6569.428571428572,97.9,62.27142857142858,70.34333333333333,52.64333333333333,7.343333333333334,5891.566666666667,97.71666666666668,62.26,1.3566666666666691,9.95666666666667,-0.243333333333334,732.4333333333334,1.0833333333333286,-0.4600000000000008,1.928635738994459,18.91344266447161,-3.3136631865637867,12.431894176421666,1.10864745011086,-0.7388371345968533,0,,Low,0.0,28.0,9.333333333333334,-9.333333333333334,Stable
PATIENT_010,2026-09-19,70.3,55.5,7.1,4903,98.9,62.1,0,75,male,31.9,1,0,0,0,222.5,70.74285714285715,54.457142857142856,7.242857142857142,6466.428571428572,97.98571428571428,62.24285714285714,70.34333333333333,52.64333333333333,7.343333333333334,5891.566666666667,97.71666666666668,62.26,-0.0433333333333365,2.856666666666669,-0.243333333333334,-988.5666666666666,1.1833333333333371,-0.1599999999999966,-0.0616026157418422,5.426454758437287,-3.3136631865637867,-16.77935127611784,1.21098413781341,-0.2569868294249864,8,Activity slightly decreased,Low,0.0,0.0,2.6666666666666665,5.333333333333334,Stable
PATIENT_010,2026-09-20,75.7,48.5,7.2,6576,97.5,61.8,0,75,male,31.9,1,0,0,0,222.5,71.1,52.71428571428572,7.3428571428571425,6448.571428571428,97.78571428571428,62.25714285714286,70.34333333333333,52.64333333333333,7.343333333333334,5891.566666666667,97.71666666666668,62.26,5.356666666666669,-4.143333333333331,-0.1433333333333335,684.4333333333334,-0.2166666666666685,-0.4600000000000008,7.615031038241011,-7.870575571455704,-1.9518837948252408,11.617170305578032,-0.2217294900221749,-0.7388371345968533,8,Resting HR slightly increased,Low,8.0,0.0,5.333333333333333,2.666666666666667,Stable
PATIENT_010,2026-09-21,68.3,53.9,7.0,5867,96.1,61.9,0,75,male,31.9,1,0,0,0,222.5,70.8,53.34285714285714,7.257142857142857,6386.857142857143,97.62857142857142,62.11428571428571,70.34333333333333,52.64333333333333,7.343333333333334,5891.566666666667,97.71666666666668,62.26,-2.043333333333337,1.2566666666666677,-0.3433333333333337,-24.56666666666661,-1.6166666666666742,-0.3599999999999994,-2.9048002653651186,2.3871335401760296,-4.67544257830232,-0.4169802033414984,-1.65444311785776,-0.578220366206231,10,SpO2 slightly decreased,Low,8.0,8.0,8.666666666666666,1.333333333333334,Stable
PATIENT_010,2026-09-22,69.9,48.4,6.8,4895,97.7,62.9,0,75,male,31.9,1,0,0,0,222.5,71.08571428571427,52.971428571428575,7.0857142857142845,5981.571428571428,97.6857142857143,62.15714285714286,70.34333333333333,52.64333333333333,7.343333333333334,5891.566666666667,97.71666666666668,62.26,-0.443333333333328,-4.243333333333332,-0.5433333333333339,-996.5666666666666,-0.0166666666666657,0.6400000000000006,-0.6302421456664853,-8.060533147597035,-7.399001361779399,-16.915138587925114,-0.0170561146170892,1.0279473176999687,8,Activity slightly decreased,Low,10.0,8.0,8.666666666666666,-0.6666666666666661,Stable
PATIENT_010,2026-09-23,66.3,50.1,7.9,6113,97.6,62.0,0,75,male,31.9,1,0,0,0,222.5,70.4,54.285714285714285,7.242857142857143,6201.428571428572,97.7285714285714,62.15714285714286,70.34333333333333,52.64333333333333,7.343333333333334,5891.566666666667,97.71666666666668,62.26,-4.0433333333333366,-2.543333333333329,0.5566666666666666,221.4333333333334,-0.1166666666666742,-0.259999999999998,-5.747997914988394,-4.831254353194446,7.580571947344529,3.758479634732132,-0.1193928023196393,-0.4176035978156088,0,,Low,8.0,10.0,6.0,-6.0,Improving
PATIENT_010,2026-09-24,70.5,51.3,6.0,5063,96.3,62.9,0,75,male,31.9,1,0,0,0,222.5,70.38571428571429,52.9,7.014285714285714,5720.142857142857,97.55714285714284,62.2,70.34333333333333,52.64333333333333,7.343333333333334,5891.566666666667,97.71666666666668,62.26,0.1566666666666663,-1.3433333333333335,-1.3433333333333335,-828.5666666666666,-1.4166666666666714,0.6400000000000006,0.2227171492204894,-2.551763439498513,-18.293236495687704,-14.063605039972389,-1.449769742452674,1.0279473176999687,25,Sleep decreased; SpO2 slightly decreased,Moderate,0.0,8.0,11.0,14.0,Stable
PATIENT_010,2026-09-25,73.0,46.5,7.8,8227,97.2,62.9,0,75,male,31.9,1,0,0,0,222.5,70.57142857142857,50.6,7.114285714285714,5949.142857142857,97.32857142857142,62.35714285714285,70.34333333333333,52.64333333333333,7.343333333333334,5891.566666666667,97.71666666666668,62.26,2.6566666666666663,-6.143333333333331,0.4566666666666661,2335.4333333333334,-0.5166666666666657,0.6400000000000006,3.776714211249585,-11.669727094282273,6.218792555605984,39.6402767798039,-0.528739553129796,1.0279473176999687,10,HRV slightly decreased,Low,25.0,0.0,11.666666666666666,-1.666666666666666,Stable
PATIENT_010,2026-09-26,71.6,50.4,6.7,5223,97.4,61.0,0,75,male,31.9,1,0,0,0,222.5,70.75714285714285,49.871428571428574,7.057142857142858,5994.857142857143,97.11428571428571,62.2,70.34333333333333,52.64333333333333,7.343333333333334,5891.566666666667,97.71666666666668,62.26,1.2566666666666606,-2.2433333333333323,-0.6433333333333335,-668.5666666666666,-0.3166666666666629,-1.259999999999998,1.7864758565132834,-4.261381624770467,-8.760780753517933,-11.347858803826938,-0.3240661777247104,-2.0237712817218085,0,,Low,10.0,25.0,11.666666666666666,-11.666666666666666,Improving
PATIENT_010,2026-09-27,72.1,49.8,7.6,5359,99.8,61.4,0,75,male,31.9,1,0,0,0,222.5,70.24285714285715,50.05714285714286,7.114285714285714,5821.0,97.44285714285716,62.142857142857146,70.34333333333333,52.64333333333333,7.343333333333334,5891.566666666667,97.71666666666668,62.26,1.7566666666666606,-2.8433333333333337,0.2566666666666659,-532.5666666666666,2.0833333333333286,-0.8599999999999994,2.4972752689191022,-5.40112708161844,3.495233772128905,-9.039474503103303,2.132014327136273,-1.381304208159331,0,,Low,0.0,10.0,3.3333333333333335,-3.3333333333333335,Stable
PATIENT_010,2026-09-28,67.7,57.0,8.8,4786,98.9,61.7,0,75,male,31.9,1,0,0,0,222.5,70.15714285714286,50.5,7.371428571428572,5666.571428571428,97.84285714285714,62.114285714285714,70.34333333333333,52.64333333333333,7.343333333333334,5891.566666666667,97.71666666666668,62.26,-2.643333333333331,4.356666666666669,1.456666666666667,-1105.5666666666666,1.1833333333333371,-0.5599999999999952,-3.757759560252093,8.275818400557213,19.83658647299137,-18.7652407112992,1.21098413781341,-0.8994539029874642,8,Activity slightly decreased,Low,0.0,0.0,2.6666666666666665,5.333333333333334,Stable
PATIENT_010,2026-09-29,74.4,52.5,8.7,7561,97.2,63.7,0,75,male,31.9,1,0,0,0,222.5,70.8,51.08571428571428,7.642857142857143,6047.428571428572,97.77142857142856,62.22857142857142,70.34333333333333,52.64333333333333,7.343333333333334,5891.566666666667,97.71666666666668,62.26,4.056666666666672,-0.1433333333333308,1.3566666666666656,1669.4333333333334,-0.5166666666666657,1.4400000000000048,5.766952565985887,-0.272272525802566,18.474807081252823,28.335983071848464,-0.528739553129796,2.3128814648249354,8,Resting HR slightly increased,Low,8.0,0.0,5.333333333333333,2.666666666666667,Stable
PATIENT_010,2026-09-30,67.1,49.8,8.4,5044,97.2,62.3,0,75,male,31.9,1,0,0,0,222.5,70.91428571428571,51.04285714285714,7.714285714285714,5894.714285714285,97.71428571428572,62.271428571428565,70.34333333333333,52.64333333333333,7.343333333333334,5891.566666666667,97.71666666666668,62.26,-3.2433333333333394,-2.8433333333333337,1.0566666666666666,-847.5666666666666,-0.5166666666666657,0.0399999999999991,-4.610718855139089,-5.40112708161844,14.38946890603722,-14.386099905514662,-0.528739553129796,0.0642467073562466,0,,Low,8.0,8.0,5.333333333333333,-5.333333333333333,Stable
PATIENT_010,2026-10-01,71.8,54.7,6.9,5976,98.1,63.0,0,75,male,31.9,1,0,0,0,222.5,71.1,51.52857142857143,7.8428571428571425,6025.142857142857,97.97142857142856,62.285714285714285,70.34333333333333,52.64333333333333,7.343333333333334,5891.566666666667,97.71666666666668,62.26,1.4566666666666634,2.056666666666672,-0.4433333333333333,84.4333333333334,0.3833333333333257,0.740000000000002,2.070795621475615,3.906794149306666,-6.037221970040854,1.43312192003259,0.3922906361930674,1.188564086090591,0,,Low,0.0,8.0,2.6666666666666665,-2.6666666666666665,Stable
PATIENT_010,2026-10-02,71.5,43.2,7.4,5158,98.6,61.4,0,75,male,31.9,1,0,0,0,222.5,70.88571428571429,51.05714285714286,7.785714285714286,5586.714285714285,98.17142857142858,62.07142857142857,70.34333333333333,52.64333333333333,7.343333333333334,5891.566666666667,97.71666666666668,62.26,1.1566666666666665,-9.443333333333328,0.0566666666666666,-733.5666666666666,0.8833333333333258,-0.8599999999999994,1.6443159740321276,-17.938327106946105,0.771674988651838,-12.451130712261026,0.9039740747057744,-1.381304208159331,10,HRV slightly decreased,Low,0.0,0.0,3.3333333333333335,6.666666666666666,Stable
